filename,label,label_rep1,match_rep1,label_rep2,match_rep2,label_rep3,match_rep3,label_rep4,match_rep4,label_rep5,match_rep5,label_rep6,match_rep6
stream_2025-07-05_11-00-01_chunk4.wav,non_speech,non_speech,True,,,,,,,,,,
stream_2025-07-05_11-00-01_chunk9.wav,non_speech,non_speech,True,,,,,,,,,,
stream_2025-07-05_11-00-01_chunk12.wav,non_speech,flagged,False,,,,,,,,,,
stream_2025-07-05_11-00-01_chunk17.wav,non_speech,non_speech,True,,,,,,,,,,
stream_2025-07-05_11-00-01_chunk22.wav,non_speech,non_speech,True,,,,,,,,,,
stream_2025-07-05_11-00-01_chunk25.wav,non_speech,non_speech,True,,,,,,,,,,
stream_2025-07-05_11-00-01_chunk26.wav,non_speech,non_speech,True,,,,,,,,,,
stream_2025-07-05_11-00-01_chunk29.wav,flagged,flagged,True,,,,,,,,,,
stream_2025-07-05_11-00-01_chunk30.wav,non_speech,non_speech,True,,,,,,,,,,
stream_2025-07-05_11-00-01_chunk32.wav,flagged,non_speech,False,,,,,,,,,,
stream_2025-07-05_11-00-01_chunk34.wav,flagged,flagged,True,,,,,,,,,,
stream_2025-07-05_11-00-01_chunk37.wav,speech,speech,True,,,,,,,,,,
stream_2025-07-05_11-00-01_chunk39.wav,speech,speech,True,,,,,,,,,,
stream_2025-07-05_11-00-01_chunk46.wav,speech,speech,True,,,,,,,,,,
stream_2025-07-05_11-00-01_chunk51.wav,speech,speech,True,,,,,,,,,,
stream_2025-07-05_11-00-01_chunk52.wav,speech,speech,True,,,,,,,,,,
stream_2025-07-05_11-00-01_chunk55.wav,speech,speech,True,,,,,,,,,,
stream_2025-07-05_11-00-01_chunk60.wav,speech,speech,True,,,,,,,,,,
stream_2025-07-05_11-00-01_chunk71.wav,speech,speech,True,,,,,,,,,,
stream_2025-07-05_11-00-01_chunk72.wav,speech,speech,True,,,,,,,,,,
stream_2025-07-05_11-00-01_chunk74.wav,flagged,speech,False,,,,,,,,,,
stream_2025-07-05_11-00-01_chunk77.wav,flagged,flagged,True,,,,,,,,,,
stream_2025-07-05_11-00-01_chunk81.wav,non_speech,non_speech,True,,,,,,,,,,
stream_2025-07-05_11-00-01_chunk85.wav,flagged,non_speech,False,,,,,,,,,,
stream_2025-07-05_11-00-01_chunk86.wav,non_speech,non_speech,True,,,,,,,,,,
stream_2025-07-05_11-00-01_chunk88.wav,flagged,flagged,True,,,,,,,,,,
stream_2025-07-05_11-00-01_chunk93.wav,flagged,speech,False,,,,,,,,,,
stream_2025-07-05_11-00-01_chunk95.wav,flagged,non_speech,False,,,,,,,,,,
stream_2025-07-05_11-00-01_chunk96.wav,flagged,speech,False,,,,,,,,,,
stream_2025-07-05_11-00-01_chunk100.wav,non_speech,non_speech,True,,,,,,,,,,
stream_2025-07-05_11-00-01_chunk111.wav,non_speech,non_speech,True,,,,,,,,,,
stream_2025-07-05_11-00-01_chunk114.wav,non_speech,non_speech,True,,,,,,,,,,
stream_2025-07-05_11-00-01_chunk115.wav,speech,speech,True,,,,,,,,,,
stream_2025-07-05_11-00-01_chunk119.wav,speech,speech,True,,,,,,,,,,
stream_2025-07-05_11-00-01_chunk123.wav,speech,speech,True,,,,,,,,,,
stream_2025-07-05_11-00-01_chunk124.wav,speech,speech,True,,,,,,,,,,
stream_2025-07-05_11-00-01_chunk128.wav,speech,speech,True,,,,,,,,,,
stream_2025-07-05_11-00-01_chunk131.wav,flagged,speech,False,,,,,,,,,,
stream_2025-07-05_11-00-01_chunk132.wav,non_speech,non_speech,True,,,,,,,,,,
stream_2025-07-05_11-00-01_chunk133.wav,non_speech,flagged,False,,,,,,,,,,
stream_2025-07-05_11-00-01_chunk137.wav,non_speech,non_speech,True,,,,,,,,,,
stream_2025-07-05_11-00-01_chunk139.wav,non_speech,non_speech,True,,,,,,,,,,
stream_2025-07-05_11-00-01_chunk141.wav,non_speech,non_speech,True,,,,,,,,,,
stream_2025-07-05_11-00-01_chunk154.wav,non_speech,non_speech,True,,,,,,,,,,
stream_2025-07-05_11-00-01_chunk157.wav,non_speech,non_speech,True,,,,,,,,,,
stream_2025-07-05_11-00-01_chunk169.wav,non_speech,non_speech,True,,,,,,,,,,
stream_2025-07-05_11-00-01_chunk174.wav,flagged,speech,False,,,,,,,,,,
stream_2025-07-05_11-00-01_chunk180.wav,speech,speech,True,,,,,,,,,,
stream_2025-07-05_11-00-01_chunk181.wav,speech,speech,True,,,,,,,,,,
stream_2025-07-05_11-00-01_chunk199.wav,speech,speech,True,,,,,,,,,,
stream_2025-07-05_11-00-01_chunk201.wav,flagged,speech,False,,,,,,,,,,
stream_2025-07-05_11-00-01_chunk203.wav,flagged,non_speech,False,,,,,,,,,,
stream_2025-07-05_11-00-01_chunk213.wav,non_speech,non_speech,True,,,,,,,,,,
stream_2025-07-05_11-00-01_chunk220.wav,non_speech,non_speech,True,,,,,,,,,,
stream_2025-07-05_11-00-01_chunk236.wav,non_speech,non_speech,True,,,,,,,,,,
stream_2025-07-05_11-00-01_chunk237.wav,non_speech,non_speech,True,,,,,,,,,,
stream_2025-07-05_11-00-01_chunk245.wav,non_speech,non_speech,True,,,,,,,,,,
stream_2025-07-05_11-00-01_chunk249.wav,non_speech,non_speech,True,,,,,,,,,,
stream_2025-07-05_11-00-01_chunk253.wav,non_speech,non_speech,True,,,,,,,,,,
stream_2025-07-05_11-00-01_chunk258.wav,non_speech,non_speech,True,,,,,,,,,,
stream_2025-07-05_11-00-01_chunk263.wav,non_speech,non_speech,True,,,,,,,,,,
stream_2025-07-05_11-00-01_chunk268.wav,non_speech,non_speech,True,,,,,,,,,,
stream_2025-07-05_11-00-01_chunk278.wav,non_speech,non_speech,True,,,,,,,,,,
stream_2025-07-05_11-00-01_chunk283.wav,non_speech,flagged,False,,,,,,,,,,
stream_2025-07-05_11-00-01_chunk284.wav,non_speech,non_speech,True,,,,,,,,,,
stream_2025-07-05_11-00-01_chunk287.wav,non_speech,non_speech,True,,,,,,,,,,
stream_2025-07-05_11-00-01_chunk288.wav,non_speech,non_speech,True,,,,,,,,,,
stream_2025-07-05_11-00-01_chunk289.wav,non_speech,non_speech,True,,,,,,,,,,
stream_2025-07-05_11-00-01_chunk302.wav,non_speech,non_speech,True,,,,,,,,,,
stream_2025-07-05_11-00-01_chunk306.wav,non_speech,non_speech,True,,,,,,,,,,
stream_2025-07-05_11-00-01_chunk308.wav,non_speech,non_speech,True,,,,,,,,,,
stream_2025-07-05_11-00-01_chunk329.wav,non_speech,non_speech,True,,,,,,,,,,
stream_2025-07-05_11-00-01_chunk334.wav,non_speech,speech,False,,,,,,,,,,
stream_2025-07-05_11-00-01_chunk341.wav,speech,speech,True,,,,,,,,,,
stream_2025-07-05_11-00-01_chunk347.wav,flagged,speech,False,,,,,,,,,,
stream_2025-07-05_11-00-01_chunk352.wav,non_speech,non_speech,True,,,,,,,,,,
stream_2025-07-05_11-00-01_chunk354.wav,non_speech,non_speech,True,,,,,,,,,,
stream_2025-07-05_11-00-01_chunk357.wav,flagged,non_speech,False,,,,,,,,,,
stream_2025-07-05_11-00-01_chunk360.wav,non_speech,non_speech,True,,,,,,,,,,
stream_2025-07-05_11-00-01_chunk365.wav,non_speech,non_speech,True,,,,,,,,,,
stream_2025-07-05_11-00-01_chunk366.wav,non_speech,non_speech,True,,,,,,,,,,
stream_2025-07-05_11-00-01_chunk370.wav,non_speech,non_speech,True,,,,,,,,,,
stream_2025-07-05_11-00-01_chunk371.wav,non_speech,non_speech,True,,,,,,,,,,
stream_2025-07-05_11-00-01_chunk376.wav,non_speech,non_speech,True,,,,,,,,,,
stream_2025-07-05_11-00-01_chunk384.wav,non_speech,non_speech,True,,,,,,,,,,
stream_2025-07-05_11-00-01_chunk387.wav,non_speech,non_speech,True,,,,,,,,,,
stream_2025-07-05_11-00-01_chunk392.wav,non_speech,non_speech,True,,,,,,,,,,
stream_2025-07-05_11-00-01_chunk399.wav,non_speech,non_speech,True,,,,,,,,,,
stream_2025-07-05_11-00-01_chunk400.wav,non_speech,non_speech,True,,,,,,,,,,
stream_2025-07-05_11-00-01_chunk403.wav,non_speech,non_speech,True,,,,,,,,,,
stream_2025-07-05_11-00-01_chunk404.wav,non_speech,non_speech,True,,,,,,,,,,
stream_2025-07-05_11-00-01_chunk407.wav,non_speech,non_speech,True,,,,,,,,,,
stream_2025-07-05_11-00-01_chunk409.wav,non_speech,non_speech,True,,,,,,,,,,
stream_2025-07-05_11-00-01_chunk410.wav,non_speech,non_speech,True,,,,,,,,,,
stream_2025-07-05_11-00-01_chunk418.wav,non_speech,non_speech,True,,,,,,,,,,
stream_2025-07-05_11-00-01_chunk425.wav,non_speech,non_speech,True,,,,,,,,,,
stream_2025-07-05_11-00-01_chunk426.wav,non_speech,non_speech,True,,,,,,,,,,
stream_2025-07-05_11-00-01_chunk428.wav,non_speech,non_speech,True,,,,,,,,,,
stream_2025-07-05_11-00-01_chunk429.wav,non_speech,non_speech,True,,,,,,,,,,
stream_2025-07-05_11-00-01_chunk433.wav,non_speech,non_speech,True,,,,,,,,,,
stream_2025-07-05_11-00-01_chunk435.wav,non_speech,non_speech,True,,,,,,,,,,
stream_2025-07-05_11-00-01_chunk441.wav,non_speech,non_speech,True,,,,,,,,,,
stream_2025-07-05_11-00-01_chunk442.wav,non_speech,non_speech,True,,,,,,,,,,
stream_2025-07-05_11-00-01_chunk443.wav,non_speech,non_speech,True,,,,,,,,,,
stream_2025-07-05_11-00-01_chunk447.wav,non_speech,non_speech,True,,,,,,,,,,
stream_2025-07-05_11-00-01_chunk448.wav,non_speech,non_speech,True,,,,,,,,,,
stream_2025-07-05_11-00-01_chunk451.wav,non_speech,non_speech,True,,,,,,,,,,
stream_2025-07-05_11-00-01_chunk454.wav,non_speech,non_speech,True,,,,,,,,,,
stream_2025-07-05_11-00-01_chunk455.wav,non_speech,non_speech,True,,,,,,,,,,
stream_2025-07-05_11-00-01_chunk459.wav,non_speech,non_speech,True,,,,,,,,,,
stream_2025-07-05_11-00-01_chunk460.wav,non_speech,non_speech,True,,,,,,,,,,
stream_2025-07-05_11-00-01_chunk463.wav,non_speech,non_speech,True,,,,,,,,,,
stream_2025-07-05_11-00-01_chunk464.wav,non_speech,non_speech,True,,,,,,,,,,
stream_2025-07-05_11-00-01_chunk466.wav,non_speech,non_speech,True,,,,,,,,,,
stream_2025-07-05_11-00-01_chunk470.wav,non_speech,non_speech,True,,,,,,,,,,
stream_2025-07-05_11-00-01_chunk472.wav,non_speech,non_speech,True,,,,,,,,,,
stream_2025-07-05_11-00-01_chunk477.wav,speech,speech,True,,,,,,,,,,
stream_2025-07-05_11-00-01_chunk481.wav,flagged,non_speech,False,,,,,,,,,,
stream_2025-07-05_11-00-01_chunk484.wav,flagged,speech,False,,,,,,,,,,
stream_2025-07-05_11-00-01_chunk489.wav,non_speech,non_speech,True,,,,,,,,,,
stream_2025-07-05_11-00-01_chunk493.wav,speech,speech,True,,,,,,,,,,
stream_2025-07-05_11-00-01_chunk501.wav,speech,speech,True,,,,,,,,,,
stream_2025-07-05_11-00-01_chunk502.wav,speech,speech,True,,,,,,,,,,
stream_2025-07-05_11-00-01_chunk503.wav,speech,speech,True,,,,,,,,,,
stream_2025-07-05_11-00-01_chunk504.wav,speech,speech,True,,,,,,,,,,
stream_2025-07-05_11-00-01_chunk505.wav,speech,speech,True,,,,,,,,,,
stream_2025-07-05_11-00-01_chunk507.wav,speech,speech,True,,,,,,,,,,
stream_2025-07-05_11-00-01_chunk517.wav,speech,speech,True,,,,,,,,,,
stream_2025-07-05_11-00-01_chunk518.wav,non_speech,non_speech,True,,,,,,,,,,
stream_2025-07-05_11-00-01_chunk520.wav,flagged,speech,False,,,,,,,,,,
stream_2025-07-05_11-00-01_chunk523.wav,non_speech,non_speech,True,,,,,,,,,,
stream_2025-07-05_11-00-01_chunk536.wav,non_speech,non_speech,True,,,,,,,,,,
stream_2025-07-05_11-00-01_chunk539.wav,non_speech,non_speech,True,,,,,,,,,,
stream_2025-07-05_11-00-01_chunk540.wav,non_speech,non_speech,True,,,,,,,,,,
stream_2025-07-05_11-00-01_chunk542.wav,non_speech,non_speech,True,,,,,,,,,,
stream_2025-07-05_11-00-01_chunk551.wav,non_speech,non_speech,True,,,,,,,,,,
stream_2025-07-05_11-00-01_chunk561.wav,non_speech,non_speech,True,,,,,,,,,,
stream_2025-07-05_11-00-01_chunk569.wav,non_speech,non_speech,True,,,,,,,,,,
stream_2025-07-05_11-00-01_chunk571.wav,non_speech,non_speech,True,,,,,,,,,,
stream_2025-07-05_11-00-01_chunk589.wav,non_speech,non_speech,True,,,,,,,,,,
stream_2025-07-05_11-00-01_chunk597.wav,non_speech,non_speech,True,,,,,,,,,,
stream_2025-07-05_11-00-01_chunk598.wav,non_speech,non_speech,True,,,,,,,,,,
stream_2025-07-05_11-00-01_chunk599.wav,non_speech,non_speech,True,,,,,,,,,,
stream_2025-07-05_11-00-01_chunk602.wav,non_speech,non_speech,True,,,,,,,,,,
stream_2025-07-05_11-00-01_chunk603.wav,non_speech,non_speech,True,,,,,,,,,,
stream_2025-07-05_11-00-01_chunk604.wav,non_speech,non_speech,True,,,,,,,,,,
stream_2025-07-05_11-00-01_chunk613.wav,non_speech,non_speech,True,,,,,,,,,,
stream_2025-07-05_11-00-01_chunk617.wav,non_speech,non_speech,True,,,,,,,,,,
stream_2025-07-05_11-00-01_chunk620.wav,non_speech,non_speech,True,,,,,,,,,,
stream_2025-07-05_11-00-01_chunk621.wav,non_speech,non_speech,True,,,,,,,,,,
stream_2025-07-05_11-00-01_chunk622.wav,non_speech,non_speech,True,,,,,,,,,,
stream_2025-07-05_11-00-01_chunk625.wav,non_speech,non_speech,True,,,,,,,,,,
stream_2025-07-05_11-00-01_chunk627.wav,non_speech,non_speech,True,,,,,,,,,,
stream_2025-07-05_11-00-01_chunk628.wav,non_speech,non_speech,True,,,,,,,,,,
stream_2025-07-05_11-00-01_chunk629.wav,non_speech,non_speech,True,,,,,,,,,,
stream_2025-07-05_11-00-01_chunk637.wav,non_speech,non_speech,True,,,,,,,,,,
stream_2025-07-05_11-00-01_chunk638.wav,non_speech,non_speech,True,,,,,,,,,,
stream_2025-07-05_11-00-01_chunk639.wav,non_speech,non_speech,True,,,,,,,,,,
stream_2025-07-05_11-00-01_chunk646.wav,non_speech,non_speech,True,,,,,,,,,,
stream_2025-07-05_11-00-01_chunk647.wav,non_speech,non_speech,True,,,,,,,,,,
stream_2025-07-05_11-00-01_chunk651.wav,non_speech,non_speech,True,,,,,,,,,,
stream_2025-07-05_11-00-01_chunk653.wav,non_speech,non_speech,True,,,,,,,,,,
stream_2025-07-05_11-00-01_chunk655.wav,non_speech,non_speech,True,,,,,,,,,,
stream_2025-07-05_11-00-01_chunk661.wav,non_speech,non_speech,True,,,,,,,,,,
stream_2025-07-05_11-00-01_chunk662.wav,non_speech,non_speech,True,,,,,,,,,,
stream_2025-07-05_11-00-01_chunk666.wav,non_speech,non_speech,True,,,,,,,,,,
stream_2025-07-05_11-00-01_chunk669.wav,non_speech,non_speech,True,,,,,,,,,,
stream_2025-07-05_11-00-01_chunk672.wav,non_speech,non_speech,True,,,,,,,,,,
stream_2025-07-05_11-00-01_chunk673.wav,non_speech,non_speech,True,,,,,,,,,,
stream_2025-07-05_11-00-01_chunk677.wav,non_speech,non_speech,True,,,,,,,,,,
stream_2025-07-05_11-00-01_chunk678.wav,non_speech,non_speech,True,,,,,,,,,,
stream_2025-07-05_11-00-01_chunk680.wav,non_speech,non_speech,True,,,,,,,,,,
stream_2025-07-05_11-00-01_chunk684.wav,non_speech,non_speech,True,,,,,,,,,,
stream_2025-07-05_11-00-01_chunk690.wav,non_speech,non_speech,True,,,,,,,,,,
stream_2025-07-05_11-00-01_chunk693.wav,non_speech,non_speech,True,,,,,,,,,,
stream_2025-07-05_11-00-01_chunk706.wav,non_speech,non_speech,True,,,,,,,,,,
stream_2025-07-05_11-00-01_chunk709.wav,non_speech,non_speech,True,,,,,,,,,,
stream_2025-07-05_11-00-01_chunk713.wav,non_speech,non_speech,True,,,,,,,,,,
stream_2025-07-05_11-00-01_chunk717.wav,non_speech,non_speech,True,,,,,,,,,,
stream_2025-07-05_11-00-01_chunk719.wav,non_speech,non_speech,True,,,,,,,,,,
stream_2025-07-05_12-00-01_chunk2.wav,non_speech,,,non_speech,True,,,,,,,,
stream_2025-07-05_12-00-01_chunk7.wav,non_speech,,,non_speech,True,,,,,,,,
stream_2025-07-05_12-00-01_chunk8.wav,non_speech,,,non_speech,True,,,,,,,,
stream_2025-07-05_12-00-01_chunk10.wav,non_speech,,,non_speech,True,,,,,,,,
stream_2025-07-05_12-00-01_chunk13.wav,non_speech,,,non_speech,True,,,,,,,,
stream_2025-07-05_12-00-01_chunk17.wav,non_speech,,,non_speech,True,,,,,,,,
stream_2025-07-05_12-00-01_chunk18.wav,non_speech,,,non_speech,True,,,,,,,,
stream_2025-07-05_12-00-01_chunk35.wav,non_speech,,,non_speech,True,,,,,,,,
stream_2025-07-05_12-00-01_chunk43.wav,non_speech,,,non_speech,True,,,,,,,,
stream_2025-07-05_12-00-01_chunk44.wav,speech,,,speech,True,,,,,,,,
stream_2025-07-05_12-00-01_chunk45.wav,non_speech,,,non_speech,True,,,,,,,,
stream_2025-07-05_12-00-01_chunk48.wav,non_speech,,,non_speech,True,,,,,,,,
stream_2025-07-05_12-00-01_chunk53.wav,non_speech,,,non_speech,True,,,,,,,,
stream_2025-07-05_12-00-01_chunk64.wav,non_speech,,,non_speech,True,,,,,,,,
stream_2025-07-05_12-00-01_chunk66.wav,non_speech,,,non_speech,True,,,,,,,,
stream_2025-07-05_12-00-01_chunk75.wav,non_speech,,,non_speech,True,,,,,,,,
stream_2025-07-05_12-00-01_chunk77.wav,non_speech,,,non_speech,True,,,,,,,,
stream_2025-07-05_12-00-01_chunk79.wav,non_speech,,,non_speech,True,,,,,,,,
stream_2025-07-05_12-00-01_chunk82.wav,non_speech,,,non_speech,True,,,,,,,,
stream_2025-07-05_12-00-01_chunk83.wav,non_speech,,,non_speech,True,,,,,,,,
stream_2025-07-05_12-00-01_chunk85.wav,non_speech,,,non_speech,True,,,,,,,,
stream_2025-07-05_12-00-01_chunk90.wav,non_speech,,,non_speech,True,,,,,,,,
stream_2025-07-05_12-00-01_chunk92.wav,non_speech,,,non_speech,True,,,,,,,,
stream_2025-07-05_12-00-01_chunk93.wav,non_speech,,,non_speech,True,,,,,,,,
stream_2025-07-05_12-00-01_chunk94.wav,non_speech,,,non_speech,True,,,,,,,,
stream_2025-07-05_12-00-01_chunk97.wav,non_speech,,,non_speech,True,,,,,,,,
stream_2025-07-05_12-00-01_chunk99.wav,non_speech,,,non_speech,True,,,,,,,,
stream_2025-07-05_12-00-01_chunk101.wav,non_speech,,,non_speech,True,,,,,,,,
stream_2025-07-05_12-00-01_chunk102.wav,non_speech,,,non_speech,True,,,,,,,,
stream_2025-07-05_12-00-01_chunk103.wav,non_speech,,,non_speech,True,,,,,,,,
stream_2025-07-05_12-00-01_chunk105.wav,non_speech,,,non_speech,True,,,,,,,,
stream_2025-07-05_12-00-01_chunk106.wav,non_speech,,,non_speech,True,,,,,,,,
stream_2025-07-05_12-00-01_chunk107.wav,non_speech,,,non_speech,True,,,,,,,,
stream_2025-07-05_12-00-01_chunk108.wav,non_speech,,,non_speech,True,,,,,,,,
stream_2025-07-05_12-00-01_chunk111.wav,non_speech,,,non_speech,True,,,,,,,,
stream_2025-07-05_12-00-01_chunk118.wav,non_speech,,,non_speech,True,,,,,,,,
stream_2025-07-05_12-00-01_chunk122.wav,non_speech,,,non_speech,True,,,,,,,,
stream_2025-07-05_12-00-01_chunk126.wav,non_speech,,,non_speech,True,,,,,,,,
stream_2025-07-05_12-00-01_chunk130.wav,non_speech,,,non_speech,True,,,,,,,,
stream_2025-07-05_12-00-01_chunk136.wav,non_speech,,,non_speech,True,,,,,,,,
stream_2025-07-05_12-00-01_chunk142.wav,non_speech,,,non_speech,True,,,,,,,,
stream_2025-07-05_12-00-01_chunk156.wav,non_speech,,,non_speech,True,,,,,,,,
stream_2025-07-05_12-00-01_chunk158.wav,non_speech,,,non_speech,True,,,,,,,,
stream_2025-07-05_12-00-01_chunk164.wav,speech,,,speech,True,,,,,,,,
stream_2025-07-05_12-00-01_chunk167.wav,non_speech,,,non_speech,True,,,,,,,,
stream_2025-07-05_12-00-01_chunk168.wav,speech,,,flagged,False,,,,,,,,
stream_2025-07-05_12-00-01_chunk170.wav,non_speech,,,flagged,False,,,,,,,,
stream_2025-07-05_12-00-01_chunk178.wav,non_speech,,,non_speech,True,,,,,,,,
stream_2025-07-05_12-00-01_chunk180.wav,non_speech,,,non_speech,True,,,,,,,,
stream_2025-07-05_12-00-01_chunk185.wav,non_speech,,,non_speech,True,,,,,,,,
stream_2025-07-05_12-00-01_chunk190.wav,non_speech,,,non_speech,True,,,,,,,,
stream_2025-07-05_12-00-01_chunk192.wav,speech,,,speech,True,,,,,,,,
stream_2025-07-05_12-00-01_chunk202.wav,non_speech,,,non_speech,True,,,,,,,,
stream_2025-07-05_12-00-01_chunk204.wav,non_speech,,,non_speech,True,,,,,,,,
stream_2025-07-05_12-00-01_chunk209.wav,non_speech,,,non_speech,True,,,,,,,,
stream_2025-07-05_12-00-01_chunk213.wav,non_speech,,,non_speech,True,,,,,,,,
stream_2025-07-05_12-00-01_chunk224.wav,non_speech,,,non_speech,True,,,,,,,,
stream_2025-07-05_12-00-01_chunk226.wav,non_speech,,,non_speech,True,,,,,,,,
stream_2025-07-05_12-00-01_chunk227.wav,non_speech,,,non_speech,True,,,,,,,,
stream_2025-07-05_12-00-01_chunk228.wav,non_speech,,,non_speech,True,,,,,,,,
stream_2025-07-05_12-00-01_chunk230.wav,non_speech,,,non_speech,True,,,,,,,,
stream_2025-07-05_12-00-01_chunk236.wav,non_speech,,,non_speech,True,,,,,,,,
stream_2025-07-05_12-00-01_chunk241.wav,non_speech,,,non_speech,True,,,,,,,,
stream_2025-07-05_12-00-01_chunk245.wav,non_speech,,,non_speech,True,,,,,,,,
stream_2025-07-05_12-00-01_chunk249.wav,non_speech,,,non_speech,True,,,,,,,,
stream_2025-07-05_12-00-01_chunk256.wav,non_speech,,,non_speech,True,,,,,,,,
stream_2025-07-05_12-00-01_chunk269.wav,non_speech,,,non_speech,True,,,,,,,,
stream_2025-07-05_12-00-01_chunk276.wav,non_speech,,,non_speech,True,,,,,,,,
stream_2025-07-05_12-00-01_chunk277.wav,non_speech,,,non_speech,True,,,,,,,,
stream_2025-07-05_12-00-01_chunk279.wav,non_speech,,,non_speech,True,,,,,,,,
stream_2025-07-05_12-00-01_chunk281.wav,non_speech,,,non_speech,True,,,,,,,,
stream_2025-07-05_12-00-01_chunk284.wav,non_speech,,,non_speech,True,,,,,,,,
stream_2025-07-05_12-00-01_chunk289.wav,non_speech,,,non_speech,True,,,,,,,,
stream_2025-07-05_12-00-01_chunk290.wav,non_speech,,,non_speech,True,,,,,,,,
stream_2025-07-05_12-00-01_chunk301.wav,non_speech,,,non_speech,True,,,,,,,,
stream_2025-07-05_12-00-01_chunk309.wav,non_speech,,,non_speech,True,,,,,,,,
stream_2025-07-05_12-00-01_chunk321.wav,non_speech,,,non_speech,True,,,,,,,,
stream_2025-07-05_12-00-01_chunk325.wav,non_speech,,,non_speech,True,,,,,,,,
stream_2025-07-05_12-00-01_chunk327.wav,non_speech,,,non_speech,True,,,,,,,,
stream_2025-07-05_12-00-01_chunk332.wav,non_speech,,,non_speech,True,,,,,,,,
stream_2025-07-05_12-00-01_chunk333.wav,non_speech,,,non_speech,True,,,,,,,,
stream_2025-07-05_12-00-01_chunk334.wav,non_speech,,,non_speech,True,,,,,,,,
stream_2025-07-05_12-00-01_chunk336.wav,non_speech,,,non_speech,True,,,,,,,,
stream_2025-07-05_12-00-01_chunk339.wav,non_speech,,,non_speech,True,,,,,,,,
stream_2025-07-05_12-00-01_chunk347.wav,non_speech,,,non_speech,True,,,,,,,,
stream_2025-07-05_12-00-01_chunk354.wav,non_speech,,,non_speech,True,,,,,,,,
stream_2025-07-05_12-00-01_chunk368.wav,non_speech,,,non_speech,True,,,,,,,,
stream_2025-07-05_12-00-01_chunk374.wav,non_speech,,,non_speech,True,,,,,,,,
stream_2025-07-05_12-00-01_chunk376.wav,non_speech,,,non_speech,True,,,,,,,,
stream_2025-07-05_12-00-01_chunk378.wav,non_speech,,,non_speech,True,,,,,,,,
stream_2025-07-05_12-00-01_chunk381.wav,non_speech,,,non_speech,True,,,,,,,,
stream_2025-07-05_12-00-01_chunk385.wav,non_speech,,,non_speech,True,,,,,,,,
stream_2025-07-05_12-00-01_chunk388.wav,non_speech,,,non_speech,True,,,,,,,,
stream_2025-07-05_12-00-01_chunk390.wav,non_speech,,,non_speech,True,,,,,,,,
stream_2025-07-05_12-00-01_chunk391.wav,non_speech,,,non_speech,True,,,,,,,,
stream_2025-07-05_12-00-01_chunk403.wav,non_speech,,,non_speech,True,,,,,,,,
stream_2025-07-05_12-00-01_chunk407.wav,non_speech,,,non_speech,True,,,,,,,,
stream_2025-07-05_12-00-01_chunk412.wav,non_speech,,,non_speech,True,,,,,,,,
stream_2025-07-05_12-00-01_chunk413.wav,non_speech,,,non_speech,True,,,,,,,,
stream_2025-07-05_12-00-01_chunk416.wav,non_speech,,,non_speech,True,,,,,,,,
stream_2025-07-05_12-00-01_chunk424.wav,non_speech,,,non_speech,True,,,,,,,,
stream_2025-07-05_12-00-01_chunk425.wav,non_speech,,,non_speech,True,,,,,,,,
stream_2025-07-05_12-00-01_chunk426.wav,non_speech,,,non_speech,True,,,,,,,,
stream_2025-07-05_12-00-01_chunk427.wav,non_speech,,,non_speech,True,,,,,,,,
stream_2025-07-05_12-00-01_chunk432.wav,non_speech,,,non_speech,True,,,,,,,,
stream_2025-07-05_12-00-01_chunk447.wav,speech,,,speech,True,,,,,,,,
stream_2025-07-05_12-00-01_chunk456.wav,non_speech,,,non_speech,True,,,,,,,,
stream_2025-07-05_12-00-01_chunk461.wav,non_speech,,,non_speech,True,,,,,,,,
stream_2025-07-05_12-00-01_chunk467.wav,non_speech,,,non_speech,True,,,,,,,,
stream_2025-07-05_12-00-01_chunk469.wav,non_speech,,,non_speech,True,,,,,,,,
stream_2025-07-05_12-00-01_chunk471.wav,non_speech,,,non_speech,True,,,,,,,,
stream_2025-07-05_12-00-01_chunk476.wav,non_speech,,,non_speech,True,,,,,,,,
stream_2025-07-05_12-00-01_chunk478.wav,non_speech,,,non_speech,True,,,,,,,,
stream_2025-07-05_12-00-01_chunk479.wav,non_speech,,,non_speech,True,,,,,,,,
stream_2025-07-05_12-00-01_chunk491.wav,non_speech,,,non_speech,True,,,,,,,,
stream_2025-07-05_12-00-01_chunk493.wav,non_speech,,,non_speech,True,,,,,,,,
stream_2025-07-05_12-00-01_chunk495.wav,non_speech,,,non_speech,True,,,,,,,,
stream_2025-07-05_12-00-01_chunk496.wav,non_speech,,,non_speech,True,,,,,,,,
stream_2025-07-05_12-00-01_chunk497.wav,non_speech,,,non_speech,True,,,,,,,,
stream_2025-07-05_12-00-01_chunk504.wav,non_speech,,,non_speech,True,,,,,,,,
stream_2025-07-05_12-00-01_chunk511.wav,non_speech,,,non_speech,True,,,,,,,,
stream_2025-07-05_12-00-01_chunk515.wav,non_speech,,,non_speech,True,,,,,,,,
stream_2025-07-05_12-00-01_chunk517.wav,non_speech,,,non_speech,True,,,,,,,,
stream_2025-07-05_12-00-01_chunk518.wav,non_speech,,,non_speech,True,,,,,,,,
stream_2025-07-05_12-00-01_chunk520.wav,non_speech,,,non_speech,True,,,,,,,,
stream_2025-07-05_12-00-01_chunk521.wav,non_speech,,,non_speech,True,,,,,,,,
stream_2025-07-05_12-00-01_chunk523.wav,non_speech,,,non_speech,True,,,,,,,,
stream_2025-07-05_12-00-01_chunk526.wav,non_speech,,,non_speech,True,,,,,,,,
stream_2025-07-05_12-00-01_chunk528.wav,non_speech,,,non_speech,True,,,,,,,,
stream_2025-07-05_12-00-01_chunk529.wav,non_speech,,,non_speech,True,,,,,,,,
stream_2025-07-05_12-00-01_chunk531.wav,non_speech,,,non_speech,True,,,,,,,,
stream_2025-07-05_12-00-01_chunk536.wav,non_speech,,,non_speech,True,,,,,,,,
stream_2025-07-05_12-00-01_chunk539.wav,non_speech,,,non_speech,True,,,,,,,,
stream_2025-07-05_12-00-01_chunk542.wav,non_speech,,,non_speech,True,,,,,,,,
stream_2025-07-05_12-00-01_chunk548.wav,non_speech,,,non_speech,True,,,,,,,,
stream_2025-07-05_12-00-01_chunk550.wav,non_speech,,,non_speech,True,,,,,,,,
stream_2025-07-05_12-00-01_chunk551.wav,non_speech,,,non_speech,True,,,,,,,,
stream_2025-07-05_12-00-01_chunk552.wav,non_speech,,,non_speech,True,,,,,,,,
stream_2025-07-05_12-00-01_chunk553.wav,non_speech,,,non_speech,True,,,,,,,,
stream_2025-07-05_12-00-01_chunk557.wav,non_speech,,,non_speech,True,,,,,,,,
stream_2025-07-05_12-00-01_chunk579.wav,non_speech,,,non_speech,True,,,,,,,,
stream_2025-07-05_12-00-01_chunk586.wav,non_speech,,,non_speech,True,,,,,,,,
stream_2025-07-05_12-00-01_chunk592.wav,non_speech,,,non_speech,True,,,,,,,,
stream_2025-07-05_12-00-01_chunk597.wav,non_speech,,,non_speech,True,,,,,,,,
stream_2025-07-05_12-00-01_chunk598.wav,non_speech,,,non_speech,True,,,,,,,,
stream_2025-07-05_12-00-01_chunk599.wav,non_speech,,,non_speech,True,,,,,,,,
stream_2025-07-05_12-00-01_chunk600.wav,non_speech,,,non_speech,True,,,,,,,,
stream_2025-07-05_12-00-01_chunk608.wav,non_speech,,,non_speech,True,,,,,,,,
stream_2025-07-05_12-00-01_chunk611.wav,non_speech,,,non_speech,True,,,,,,,,
stream_2025-07-05_12-00-01_chunk617.wav,non_speech,,,non_speech,True,,,,,,,,
stream_2025-07-05_12-00-01_chunk621.wav,non_speech,,,non_speech,True,,,,,,,,
stream_2025-07-05_12-00-01_chunk622.wav,non_speech,,,non_speech,True,,,,,,,,
stream_2025-07-05_12-00-01_chunk626.wav,non_speech,,,non_speech,True,,,,,,,,
stream_2025-07-05_12-00-01_chunk627.wav,non_speech,,,non_speech,True,,,,,,,,
stream_2025-07-05_12-00-01_chunk637.wav,non_speech,,,non_speech,True,,,,,,,,
stream_2025-07-05_12-00-01_chunk639.wav,non_speech,,,non_speech,True,,,,,,,,
stream_2025-07-05_12-00-01_chunk641.wav,non_speech,,,non_speech,True,,,,,,,,
stream_2025-07-05_12-00-01_chunk645.wav,non_speech,,,non_speech,True,,,,,,,,
stream_2025-07-05_12-00-01_chunk648.wav,non_speech,,,non_speech,True,,,,,,,,
stream_2025-07-05_12-00-01_chunk649.wav,non_speech,,,non_speech,True,,,,,,,,
stream_2025-07-05_12-00-01_chunk651.wav,non_speech,,,non_speech,True,,,,,,,,
stream_2025-07-05_12-00-01_chunk654.wav,non_speech,,,non_speech,True,,,,,,,,
stream_2025-07-05_12-00-01_chunk658.wav,non_speech,,,non_speech,True,,,,,,,,
stream_2025-07-05_12-00-01_chunk665.wav,non_speech,,,non_speech,True,,,,,,,,
stream_2025-07-05_12-00-01_chunk675.wav,non_speech,,,non_speech,True,,,,,,,,
stream_2025-07-05_12-00-01_chunk676.wav,non_speech,,,non_speech,True,,,,,,,,
stream_2025-07-05_12-00-01_chunk680.wav,non_speech,,,non_speech,True,,,,,,,,
stream_2025-07-05_12-00-01_chunk681.wav,non_speech,,,non_speech,True,,,,,,,,
stream_2025-07-05_12-00-01_chunk686.wav,non_speech,,,non_speech,True,,,,,,,,
stream_2025-07-05_12-00-01_chunk687.wav,non_speech,,,non_speech,True,,,,,,,,
stream_2025-07-05_12-00-01_chunk694.wav,non_speech,,,non_speech,True,,,,,,,,
stream_2025-07-05_12-00-01_chunk697.wav,non_speech,,,non_speech,True,,,,,,,,
stream_2025-07-05_12-00-01_chunk700.wav,non_speech,,,non_speech,True,,,,,,,,
stream_2025-07-05_12-00-01_chunk706.wav,non_speech,,,non_speech,True,,,,,,,,
stream_2025-07-05_12-00-01_chunk707.wav,non_speech,,,non_speech,True,,,,,,,,
stream_2025-07-05_12-00-01_chunk708.wav,non_speech,,,non_speech,True,,,,,,,,
stream_2025-07-05_12-00-01_chunk710.wav,non_speech,,,non_speech,True,,,,,,,,
stream_2025-07-05_12-00-01_chunk714.wav,non_speech,,,non_speech,True,,,,,,,,
stream_2025-07-05_12-00-01_chunk721.wav,non_speech,,,non_speech,True,,,,,,,,
stream_2025-07-05_13-00-01_chunk9.wav,non_speech,,,,,non_speech,True,,,,,,
stream_2025-07-05_13-00-01_chunk17.wav,non_speech,,,,,non_speech,True,,,,,,
stream_2025-07-05_13-00-01_chunk19.wav,non_speech,,,,,non_speech,True,,,,,,
stream_2025-07-05_13-00-01_chunk20.wav,non_speech,,,,,non_speech,True,,,,,,
stream_2025-07-05_13-00-01_chunk23.wav,non_speech,,,,,non_speech,True,,,,,,
stream_2025-07-05_13-00-01_chunk29.wav,non_speech,,,,,non_speech,True,,,,,,
stream_2025-07-05_13-00-01_chunk32.wav,non_speech,,,,,non_speech,True,,,,,,
stream_2025-07-05_13-00-01_chunk42.wav,non_speech,,,,,non_speech,True,,,,,,
stream_2025-07-05_13-00-01_chunk49.wav,non_speech,,,,,non_speech,True,,,,,,
stream_2025-07-05_13-00-01_chunk50.wav,non_speech,,,,,non_speech,True,,,,,,
stream_2025-07-05_13-00-01_chunk53.wav,non_speech,,,,,non_speech,True,,,,,,
stream_2025-07-05_13-00-01_chunk59.wav,non_speech,,,,,non_speech,True,,,,,,
stream_2025-07-05_13-00-01_chunk71.wav,non_speech,,,,,non_speech,True,,,,,,
stream_2025-07-05_13-00-01_chunk76.wav,non_speech,,,,,non_speech,True,,,,,,
stream_2025-07-05_13-00-01_chunk77.wav,non_speech,,,,,non_speech,True,,,,,,
stream_2025-07-05_13-00-01_chunk82.wav,non_speech,,,,,non_speech,True,,,,,,
stream_2025-07-05_13-00-01_chunk87.wav,non_speech,,,,,non_speech,True,,,,,,
stream_2025-07-05_13-00-01_chunk88.wav,non_speech,,,,,non_speech,True,,,,,,
stream_2025-07-05_13-00-01_chunk89.wav,non_speech,,,,,non_speech,True,,,,,,
stream_2025-07-05_13-00-01_chunk91.wav,non_speech,,,,,non_speech,True,,,,,,
stream_2025-07-05_13-00-01_chunk99.wav,non_speech,,,,,non_speech,True,,,,,,
stream_2025-07-05_13-00-01_chunk102.wav,non_speech,,,,,non_speech,True,,,,,,
stream_2025-07-05_13-00-01_chunk105.wav,non_speech,,,,,non_speech,True,,,,,,
stream_2025-07-05_13-00-01_chunk106.wav,non_speech,,,,,non_speech,True,,,,,,
stream_2025-07-05_13-00-01_chunk111.wav,non_speech,,,,,non_speech,True,,,,,,
stream_2025-07-05_13-00-01_chunk117.wav,speech,,,,,speech,True,,,,,,
stream_2025-07-05_13-00-01_chunk118.wav,speech,,,,,speech,True,,,,,,
stream_2025-07-05_13-00-01_chunk120.wav,speech,,,,,speech,True,,,,,,
stream_2025-07-05_13-00-01_chunk127.wav,flagged,,,,,flagged,True,,,,,,
stream_2025-07-05_13-00-01_chunk133.wav,non_speech,,,,,non_speech,True,,,,,,
stream_2025-07-05_13-00-01_chunk137.wav,non_speech,,,,,non_speech,True,,,,,,
stream_2025-07-05_13-00-01_chunk138.wav,non_speech,,,,,non_speech,True,,,,,,
stream_2025-07-05_13-00-01_chunk151.wav,non_speech,,,,,non_speech,True,,,,,,
stream_2025-07-05_13-00-01_chunk152.wav,non_speech,,,,,non_speech,True,,,,,,
stream_2025-07-05_13-00-01_chunk155.wav,non_speech,,,,,non_speech,True,,,,,,
stream_2025-07-05_13-00-01_chunk165.wav,non_speech,,,,,non_speech,True,,,,,,
stream_2025-07-05_13-00-01_chunk168.wav,non_speech,,,,,non_speech,True,,,,,,
stream_2025-07-05_13-00-01_chunk169.wav,non_speech,,,,,non_speech,True,,,,,,
stream_2025-07-05_13-00-01_chunk176.wav,non_speech,,,,,non_speech,True,,,,,,
stream_2025-07-05_13-00-01_chunk181.wav,non_speech,,,,,non_speech,True,,,,,,
stream_2025-07-05_13-00-01_chunk184.wav,non_speech,,,,,non_speech,True,,,,,,
stream_2025-07-05_13-00-01_chunk190.wav,non_speech,,,,,non_speech,True,,,,,,
stream_2025-07-05_13-00-01_chunk194.wav,non_speech,,,,,non_speech,True,,,,,,
stream_2025-07-05_13-00-01_chunk196.wav,non_speech,,,,,non_speech,True,,,,,,
stream_2025-07-05_13-00-01_chunk198.wav,non_speech,,,,,non_speech,True,,,,,,
stream_2025-07-05_13-00-01_chunk204.wav,non_speech,,,,,non_speech,True,,,,,,
stream_2025-07-05_13-00-01_chunk206.wav,non_speech,,,,,non_speech,True,,,,,,
stream_2025-07-05_13-00-01_chunk208.wav,non_speech,,,,,non_speech,True,,,,,,
stream_2025-07-05_13-00-01_chunk211.wav,non_speech,,,,,non_speech,True,,,,,,
stream_2025-07-05_13-00-01_chunk213.wav,non_speech,,,,,non_speech,True,,,,,,
stream_2025-07-05_13-00-01_chunk214.wav,non_speech,,,,,non_speech,True,,,,,,
stream_2025-07-05_13-00-01_chunk215.wav,non_speech,,,,,non_speech,True,,,,,,
stream_2025-07-05_13-00-01_chunk218.wav,non_speech,,,,,non_speech,True,,,,,,
stream_2025-07-05_13-00-01_chunk219.wav,non_speech,,,,,non_speech,True,,,,,,
stream_2025-07-05_13-00-01_chunk223.wav,non_speech,,,,,non_speech,True,,,,,,
stream_2025-07-05_13-00-01_chunk226.wav,non_speech,,,,,non_speech,True,,,,,,
stream_2025-07-05_13-00-01_chunk231.wav,non_speech,,,,,non_speech,True,,,,,,
stream_2025-07-05_13-00-01_chunk235.wav,non_speech,,,,,non_speech,True,,,,,,
stream_2025-07-05_13-00-01_chunk237.wav,non_speech,,,,,non_speech,True,,,,,,
stream_2025-07-05_13-00-01_chunk241.wav,non_speech,,,,,non_speech,True,,,,,,
stream_2025-07-05_13-00-01_chunk245.wav,non_speech,,,,,non_speech,True,,,,,,
stream_2025-07-05_13-00-01_chunk248.wav,non_speech,,,,,non_speech,True,,,,,,
stream_2025-07-05_13-00-01_chunk260.wav,non_speech,,,,,non_speech,True,,,,,,
stream_2025-07-05_13-00-01_chunk263.wav,non_speech,,,,,non_speech,True,,,,,,
stream_2025-07-05_13-00-01_chunk274.wav,non_speech,,,,,non_speech,True,,,,,,
stream_2025-07-05_13-00-01_chunk275.wav,non_speech,,,,,non_speech,True,,,,,,
stream_2025-07-05_13-00-01_chunk280.wav,non_speech,,,,,non_speech,True,,,,,,
stream_2025-07-05_13-00-01_chunk283.wav,non_speech,,,,,non_speech,True,,,,,,
stream_2025-07-05_13-00-01_chunk293.wav,non_speech,,,,,non_speech,True,,,,,,
stream_2025-07-05_13-00-01_chunk294.wav,non_speech,,,,,non_speech,True,,,,,,
stream_2025-07-05_13-00-01_chunk296.wav,non_speech,,,,,non_speech,True,,,,,,
stream_2025-07-05_13-00-01_chunk301.wav,non_speech,,,,,non_speech,True,,,,,,
stream_2025-07-05_13-00-01_chunk303.wav,non_speech,,,,,non_speech,True,,,,,,
stream_2025-07-05_13-00-01_chunk309.wav,non_speech,,,,,non_speech,True,,,,,,
stream_2025-07-05_13-00-01_chunk312.wav,non_speech,,,,,non_speech,True,,,,,,
stream_2025-07-05_13-00-01_chunk323.wav,non_speech,,,,,non_speech,True,,,,,,
stream_2025-07-05_13-00-01_chunk324.wav,non_speech,,,,,non_speech,True,,,,,,
stream_2025-07-05_13-00-01_chunk330.wav,non_speech,,,,,non_speech,True,,,,,,
stream_2025-07-05_13-00-01_chunk339.wav,non_speech,,,,,non_speech,True,,,,,,
stream_2025-07-05_13-00-01_chunk341.wav,non_speech,,,,,non_speech,True,,,,,,
stream_2025-07-05_13-00-01_chunk344.wav,non_speech,,,,,non_speech,True,,,,,,
stream_2025-07-05_13-00-01_chunk349.wav,non_speech,,,,,non_speech,True,,,,,,
stream_2025-07-05_13-00-01_chunk351.wav,non_speech,,,,,non_speech,True,,,,,,
stream_2025-07-05_13-00-01_chunk354.wav,non_speech,,,,,non_speech,True,,,,,,
stream_2025-07-05_13-00-01_chunk362.wav,non_speech,,,,,non_speech,True,,,,,,
stream_2025-07-05_13-00-01_chunk365.wav,non_speech,,,,,non_speech,True,,,,,,
stream_2025-07-05_13-00-01_chunk374.wav,non_speech,,,,,non_speech,True,,,,,,
stream_2025-07-05_13-00-01_chunk378.wav,non_speech,,,,,non_speech,True,,,,,,
stream_2025-07-05_13-00-01_chunk382.wav,non_speech,,,,,non_speech,True,,,,,,
stream_2025-07-05_13-00-01_chunk383.wav,non_speech,,,,,non_speech,True,,,,,,
stream_2025-07-05_13-00-01_chunk385.wav,non_speech,,,,,non_speech,True,,,,,,
stream_2025-07-05_13-00-01_chunk386.wav,non_speech,,,,,non_speech,True,,,,,,
stream_2025-07-05_13-00-01_chunk387.wav,non_speech,,,,,non_speech,True,,,,,,
stream_2025-07-05_13-00-01_chunk390.wav,non_speech,,,,,non_speech,True,,,,,,
stream_2025-07-05_13-00-01_chunk394.wav,non_speech,,,,,non_speech,True,,,,,,
stream_2025-07-05_13-00-01_chunk399.wav,non_speech,,,,,non_speech,True,,,,,,
stream_2025-07-05_13-00-01_chunk407.wav,non_speech,,,,,non_speech,True,,,,,,
stream_2025-07-05_13-00-01_chunk409.wav,non_speech,,,,,non_speech,True,,,,,,
stream_2025-07-05_13-00-01_chunk411.wav,non_speech,,,,,non_speech,True,,,,,,
stream_2025-07-05_13-00-01_chunk412.wav,non_speech,,,,,non_speech,True,,,,,,
stream_2025-07-05_13-00-01_chunk415.wav,non_speech,,,,,non_speech,True,,,,,,
stream_2025-07-05_13-00-01_chunk431.wav,non_speech,,,,,non_speech,True,,,,,,
stream_2025-07-05_13-00-01_chunk432.wav,non_speech,,,,,non_speech,True,,,,,,
stream_2025-07-05_13-00-01_chunk436.wav,non_speech,,,,,non_speech,True,,,,,,
stream_2025-07-05_13-00-01_chunk442.wav,non_speech,,,,,flagged,False,,,,,,
stream_2025-07-05_13-00-01_chunk445.wav,non_speech,,,,,non_speech,True,,,,,,
stream_2025-07-05_13-00-01_chunk452.wav,non_speech,,,,,non_speech,True,,,,,,
stream_2025-07-05_13-00-01_chunk453.wav,non_speech,,,,,non_speech,True,,,,,,
stream_2025-07-05_13-00-01_chunk454.wav,non_speech,,,,,non_speech,True,,,,,,
stream_2025-07-05_13-00-01_chunk459.wav,non_speech,,,,,non_speech,True,,,,,,
stream_2025-07-05_13-00-01_chunk463.wav,non_speech,,,,,non_speech,True,,,,,,
stream_2025-07-05_13-00-01_chunk464.wav,non_speech,,,,,non_speech,True,,,,,,
stream_2025-07-05_13-00-01_chunk465.wav,non_speech,,,,,non_speech,True,,,,,,
stream_2025-07-05_13-00-01_chunk469.wav,non_speech,,,,,non_speech,True,,,,,,
stream_2025-07-05_13-00-01_chunk470.wav,non_speech,,,,,non_speech,True,,,,,,
stream_2025-07-05_13-00-01_chunk472.wav,non_speech,,,,,non_speech,True,,,,,,
stream_2025-07-05_13-00-01_chunk475.wav,non_speech,,,,,non_speech,True,,,,,,
stream_2025-07-05_13-00-01_chunk481.wav,non_speech,,,,,non_speech,True,,,,,,
stream_2025-07-05_13-00-01_chunk489.wav,non_speech,,,,,non_speech,True,,,,,,
stream_2025-07-05_13-00-01_chunk490.wav,non_speech,,,,,non_speech,True,,,,,,
stream_2025-07-05_13-00-01_chunk494.wav,non_speech,,,,,non_speech,True,,,,,,
stream_2025-07-05_13-00-01_chunk495.wav,non_speech,,,,,non_speech,True,,,,,,
stream_2025-07-05_13-00-01_chunk500.wav,non_speech,,,,,non_speech,True,,,,,,
stream_2025-07-05_13-00-01_chunk501.wav,non_speech,,,,,non_speech,True,,,,,,
stream_2025-07-05_13-00-01_chunk503.wav,non_speech,,,,,non_speech,True,,,,,,
stream_2025-07-05_13-00-01_chunk506.wav,non_speech,,,,,non_speech,True,,,,,,
stream_2025-07-05_13-00-01_chunk507.wav,non_speech,,,,,non_speech,True,,,,,,
stream_2025-07-05_13-00-01_chunk509.wav,non_speech,,,,,non_speech,True,,,,,,
stream_2025-07-05_13-00-01_chunk511.wav,non_speech,,,,,non_speech,True,,,,,,
stream_2025-07-05_13-00-01_chunk513.wav,non_speech,,,,,non_speech,True,,,,,,
stream_2025-07-05_13-00-01_chunk514.wav,non_speech,,,,,non_speech,True,,,,,,
stream_2025-07-05_13-00-01_chunk521.wav,non_speech,,,,,non_speech,True,,,,,,
stream_2025-07-05_13-00-01_chunk524.wav,non_speech,,,,,non_speech,True,,,,,,
stream_2025-07-05_13-00-01_chunk525.wav,non_speech,,,,,non_speech,True,,,,,,
stream_2025-07-05_13-00-01_chunk526.wav,non_speech,,,,,non_speech,True,,,,,,
stream_2025-07-05_13-00-01_chunk528.wav,flagged,,,,,non_speech,False,,,,,,
stream_2025-07-05_13-00-01_chunk531.wav,non_speech,,,,,non_speech,True,,,,,,
stream_2025-07-05_13-00-01_chunk533.wav,non_speech,,,,,non_speech,True,,,,,,
stream_2025-07-05_13-00-01_chunk540.wav,non_speech,,,,,non_speech,True,,,,,,
stream_2025-07-05_13-00-01_chunk544.wav,non_speech,,,,,non_speech,True,,,,,,
stream_2025-07-05_13-00-01_chunk548.wav,non_speech,,,,,non_speech,True,,,,,,
stream_2025-07-05_13-00-01_chunk554.wav,non_speech,,,,,non_speech,True,,,,,,
stream_2025-07-05_13-00-01_chunk561.wav,non_speech,,,,,non_speech,True,,,,,,
stream_2025-07-05_13-00-01_chunk562.wav,non_speech,,,,,non_speech,True,,,,,,
stream_2025-07-05_13-00-01_chunk564.wav,non_speech,,,,,non_speech,True,,,,,,
stream_2025-07-05_13-00-01_chunk573.wav,non_speech,,,,,non_speech,True,,,,,,
stream_2025-07-05_13-00-01_chunk574.wav,non_speech,,,,,non_speech,True,,,,,,
stream_2025-07-05_13-00-01_chunk584.wav,non_speech,,,,,non_speech,True,,,,,,
stream_2025-07-05_13-00-01_chunk602.wav,non_speech,,,,,non_speech,True,,,,,,
stream_2025-07-05_13-00-01_chunk606.wav,non_speech,,,,,non_speech,True,,,,,,
stream_2025-07-05_13-00-01_chunk607.wav,non_speech,,,,,non_speech,True,,,,,,
stream_2025-07-05_13-00-01_chunk609.wav,non_speech,,,,,non_speech,True,,,,,,
stream_2025-07-05_13-00-01_chunk619.wav,non_speech,,,,,non_speech,True,,,,,,
stream_2025-07-05_13-00-01_chunk622.wav,non_speech,,,,,non_speech,True,,,,,,
stream_2025-07-05_13-00-01_chunk624.wav,non_speech,,,,,non_speech,True,,,,,,
stream_2025-07-05_13-00-01_chunk627.wav,non_speech,,,,,non_speech,True,,,,,,
stream_2025-07-05_13-00-01_chunk632.wav,non_speech,,,,,non_speech,True,,,,,,
stream_2025-07-05_13-00-01_chunk634.wav,non_speech,,,,,non_speech,True,,,,,,
stream_2025-07-05_13-00-01_chunk635.wav,non_speech,,,,,non_speech,True,,,,,,
stream_2025-07-05_13-00-01_chunk637.wav,non_speech,,,,,non_speech,True,,,,,,
stream_2025-07-05_13-00-01_chunk640.wav,non_speech,,,,,non_speech,True,,,,,,
stream_2025-07-05_13-00-01_chunk643.wav,non_speech,,,,,non_speech,True,,,,,,
stream_2025-07-05_13-00-01_chunk652.wav,non_speech,,,,,non_speech,True,,,,,,
stream_2025-07-05_13-00-01_chunk659.wav,non_speech,,,,,non_speech,True,,,,,,
stream_2025-07-05_13-00-01_chunk660.wav,non_speech,,,,,non_speech,True,,,,,,
stream_2025-07-05_13-00-01_chunk664.wav,non_speech,,,,,non_speech,True,,,,,,
stream_2025-07-05_13-00-01_chunk666.wav,non_speech,,,,,non_speech,True,,,,,,
stream_2025-07-05_13-00-01_chunk675.wav,flagged,,,,,flagged,True,,,,,,
stream_2025-07-05_13-00-01_chunk677.wav,non_speech,,,,,non_speech,True,,,,,,
stream_2025-07-05_13-00-01_chunk678.wav,speech,,,,,non_speech,False,,,,,,
stream_2025-07-05_13-00-01_chunk680.wav,speech,,,,,non_speech,False,,,,,,
stream_2025-07-05_13-00-01_chunk681.wav,flagged,,,,,non_speech,False,,,,,,
stream_2025-07-05_13-00-01_chunk682.wav,non_speech,,,,,non_speech,True,,,,,,
stream_2025-07-05_13-00-01_chunk689.wav,speech,,,,,speech,True,,,,,,
stream_2025-07-05_13-00-01_chunk695.wav,speech,,,,,speech,True,,,,,,
stream_2025-07-05_13-00-01_chunk701.wav,speech,,,,,speech,True,,,,,,
stream_2025-07-05_13-00-01_chunk702.wav,flagged,,,,,speech,False,,,,,,
stream_2025-07-05_13-00-01_chunk708.wav,flagged,,,,,non_speech,False,,,,,,
stream_2025-07-05_13-00-01_chunk718.wav,speech,,,,,speech,True,,,,,,
stream_2025-07-05_13-00-01_chunk721.wav,speech,,,,,speech,True,,,,,,
stream_2025-07-05_14-00-01_chunk1.wav,speech,,,,,,,speech,True,,,,
stream_2025-07-05_14-00-01_chunk7.wav,speech,,,,,,,speech,True,,,,
stream_2025-07-05_14-00-01_chunk12.wav,speech,,,,,,,speech,True,,,,
stream_2025-07-05_14-00-01_chunk15.wav,speech,,,,,,,speech,True,,,,
stream_2025-07-05_14-00-01_chunk20.wav,flagged,,,,,,,flagged,True,,,,
stream_2025-07-05_14-00-01_chunk26.wav,non_speech,,,,,,,non_speech,True,,,,
stream_2025-07-05_14-00-01_chunk31.wav,flagged,,,,,,,flagged,True,,,,
stream_2025-07-05_14-00-01_chunk32.wav,flagged,,,,,,,speech,False,,,,
stream_2025-07-05_14-00-01_chunk34.wav,non_speech,,,,,,,non_speech,True,,,,
stream_2025-07-05_14-00-01_chunk38.wav,non_speech,,,,,,,non_speech,True,,,,
stream_2025-07-05_14-00-01_chunk40.wav,speech,,,,,,,speech,True,,,,
stream_2025-07-05_14-00-01_chunk44.wav,speech,,,,,,,speech,True,,,,
stream_2025-07-05_14-00-01_chunk46.wav,flagged,,,,,,,flagged,True,,,,
stream_2025-07-05_14-00-01_chunk58.wav,flagged,,,,,,,speech,False,,,,
stream_2025-07-05_14-00-01_chunk60.wav,flagged,,,,,,,flagged,True,,,,
stream_2025-07-05_14-00-01_chunk61.wav,flagged,,,,,,,flagged,True,,,,
stream_2025-07-05_14-00-01_chunk62.wav,flagged,,,,,,,flagged,True,,,,
stream_2025-07-05_14-00-01_chunk68.wav,flagged,,,,,,,flagged,True,,,,
stream_2025-07-05_14-00-01_chunk70.wav,flagged,,,,,,,flagged,True,,,,
stream_2025-07-05_14-00-01_chunk71.wav,flagged,,,,,,,flagged,True,,,,
stream_2025-07-05_14-00-01_chunk72.wav,non_speech,,,,,,,non_speech,True,,,,
stream_2025-07-05_14-00-01_chunk76.wav,flagged,,,,,,,flagged,True,,,,
stream_2025-07-05_14-00-01_chunk80.wav,flagged,,,,,,,flagged,True,,,,
stream_2025-07-05_14-00-01_chunk81.wav,flagged,,,,,,,flagged,True,,,,
stream_2025-07-05_14-00-01_chunk87.wav,non_speech,,,,,,,non_speech,True,,,,
stream_2025-07-05_14-00-01_chunk89.wav,non_speech,,,,,,,non_speech,True,,,,
stream_2025-07-05_14-00-01_chunk91.wav,non_speech,,,,,,,non_speech,True,,,,
stream_2025-07-05_14-00-01_chunk96.wav,flagged,,,,,,,flagged,True,,,,
stream_2025-07-05_14-00-01_chunk97.wav,flagged,,,,,,,flagged,True,,,,
stream_2025-07-05_14-00-01_chunk102.wav,non_speech,,,,,,,non_speech,True,,,,
stream_2025-07-05_14-00-01_chunk103.wav,non_speech,,,,,,,non_speech,True,,,,
stream_2025-07-05_14-00-01_chunk105.wav,flagged,,,,,,,flagged,True,,,,
stream_2025-07-05_14-00-01_chunk106.wav,flagged,,,,,,,flagged,True,,,,
stream_2025-07-05_14-00-01_chunk111.wav,non_speech,,,,,,,non_speech,True,,,,
stream_2025-07-05_14-00-01_chunk112.wav,non_speech,,,,,,,non_speech,True,,,,
stream_2025-07-05_14-00-01_chunk118.wav,non_speech,,,,,,,non_speech,True,,,,
stream_2025-07-05_14-00-01_chunk119.wav,non_speech,,,,,,,non_speech,True,,,,
stream_2025-07-05_14-00-01_chunk122.wav,non_speech,,,,,,,non_speech,True,,,,
stream_2025-07-05_14-00-01_chunk126.wav,non_speech,,,,,,,non_speech,True,,,,
stream_2025-07-05_14-00-01_chunk130.wav,non_speech,,,,,,,non_speech,True,,,,
stream_2025-07-05_14-00-01_chunk132.wav,non_speech,,,,,,,non_speech,True,,,,
stream_2025-07-05_14-00-01_chunk138.wav,non_speech,,,,,,,non_speech,True,,,,
stream_2025-07-05_14-00-01_chunk141.wav,non_speech,,,,,,,non_speech,True,,,,
stream_2025-07-05_14-00-01_chunk144.wav,non_speech,,,,,,,non_speech,True,,,,
stream_2025-07-05_14-00-01_chunk149.wav,non_speech,,,,,,,non_speech,True,,,,
stream_2025-07-05_14-00-01_chunk150.wav,non_speech,,,,,,,non_speech,True,,,,
stream_2025-07-05_14-00-01_chunk151.wav,non_speech,,,,,,,non_speech,True,,,,
stream_2025-07-05_14-00-01_chunk155.wav,non_speech,,,,,,,non_speech,True,,,,
stream_2025-07-05_14-00-01_chunk159.wav,non_speech,,,,,,,non_speech,True,,,,
stream_2025-07-05_14-00-01_chunk166.wav,flagged,,,,,,,flagged,True,,,,
stream_2025-07-05_14-00-01_chunk170.wav,non_speech,,,,,,,non_speech,True,,,,
stream_2025-07-05_14-00-01_chunk173.wav,speech,,,,,,,speech,True,,,,
stream_2025-07-05_14-00-01_chunk174.wav,speech,,,,,,,speech,True,,,,
stream_2025-07-05_14-00-01_chunk177.wav,flagged,,,,,,,flagged,True,,,,
stream_2025-07-05_14-00-01_chunk182.wav,flagged,,,,,,,flagged,True,,,,
stream_2025-07-05_14-00-01_chunk183.wav,speech,,,,,,,speech,True,,,,
stream_2025-07-05_14-00-01_chunk186.wav,non_speech,,,,,,,non_speech,True,,,,
stream_2025-07-05_14-00-01_chunk199.wav,non_speech,,,,,,,non_speech,True,,,,
stream_2025-07-05_14-00-01_chunk201.wav,flagged,,,,,,,flagged,True,,,,
stream_2025-07-05_14-00-01_chunk202.wav,flagged,,,,,,,flagged,True,,,,
stream_2025-07-05_14-00-01_chunk204.wav,non_speech,,,,,,,non_speech,True,,,,
stream_2025-07-05_14-00-01_chunk213.wav,non_speech,,,,,,,non_speech,True,,,,
stream_2025-07-05_14-00-01_chunk215.wav,non_speech,,,,,,,non_speech,True,,,,
stream_2025-07-05_14-00-01_chunk216.wav,non_speech,,,,,,,non_speech,True,,,,
stream_2025-07-05_14-00-01_chunk218.wav,non_speech,,,,,,,non_speech,True,,,,
stream_2025-07-05_14-00-01_chunk220.wav,non_speech,,,,,,,non_speech,True,,,,
stream_2025-07-05_14-00-01_chunk224.wav,non_speech,,,,,,,non_speech,True,,,,
stream_2025-07-05_14-00-01_chunk233.wav,non_speech,,,,,,,non_speech,True,,,,
stream_2025-07-05_14-00-01_chunk235.wav,non_speech,,,,,,,non_speech,True,,,,
stream_2025-07-05_14-00-01_chunk237.wav,non_speech,,,,,,,non_speech,True,,,,
stream_2025-07-05_14-00-01_chunk238.wav,non_speech,,,,,,,non_speech,True,,,,
stream_2025-07-05_14-00-01_chunk247.wav,non_speech,,,,,,,non_speech,True,,,,
stream_2025-07-05_14-00-01_chunk259.wav,non_speech,,,,,,,non_speech,True,,,,
stream_2025-07-05_14-00-01_chunk272.wav,non_speech,,,,,,,non_speech,True,,,,
stream_2025-07-05_14-00-01_chunk274.wav,non_speech,,,,,,,non_speech,True,,,,
stream_2025-07-05_14-00-01_chunk285.wav,non_speech,,,,,,,non_speech,True,,,,
stream_2025-07-05_14-00-01_chunk286.wav,non_speech,,,,,,,non_speech,True,,,,
stream_2025-07-05_14-00-01_chunk289.wav,non_speech,,,,,,,non_speech,True,,,,
stream_2025-07-05_14-00-01_chunk293.wav,non_speech,,,,,,,non_speech,True,,,,
stream_2025-07-05_14-00-01_chunk298.wav,non_speech,,,,,,,non_speech,True,,,,
stream_2025-07-05_14-00-01_chunk305.wav,non_speech,,,,,,,non_speech,True,,,,
stream_2025-07-05_14-00-01_chunk307.wav,non_speech,,,,,,,non_speech,True,,,,
stream_2025-07-05_14-00-01_chunk310.wav,non_speech,,,,,,,non_speech,True,,,,
stream_2025-07-05_14-00-01_chunk315.wav,non_speech,,,,,,,non_speech,True,,,,
stream_2025-07-05_14-00-01_chunk316.wav,non_speech,,,,,,,non_speech,True,,,,
stream_2025-07-05_14-00-01_chunk321.wav,non_speech,,,,,,,non_speech,True,,,,
stream_2025-07-05_14-00-01_chunk322.wav,non_speech,,,,,,,non_speech,True,,,,
stream_2025-07-05_14-00-01_chunk324.wav,non_speech,,,,,,,non_speech,True,,,,
stream_2025-07-05_14-00-01_chunk330.wav,non_speech,,,,,,,non_speech,True,,,,
stream_2025-07-05_14-00-01_chunk333.wav,non_speech,,,,,,,non_speech,True,,,,
stream_2025-07-05_14-00-01_chunk341.wav,non_speech,,,,,,,non_speech,True,,,,
stream_2025-07-05_14-00-01_chunk343.wav,non_speech,,,,,,,non_speech,True,,,,
stream_2025-07-05_14-00-01_chunk344.wav,flagged,,,,,,,flagged,True,,,,
stream_2025-07-05_14-00-01_chunk350.wav,non_speech,,,,,,,non_speech,True,,,,
stream_2025-07-05_14-00-01_chunk351.wav,non_speech,,,,,,,non_speech,True,,,,
stream_2025-07-05_14-00-01_chunk366.wav,non_speech,,,,,,,non_speech,True,,,,
stream_2025-07-05_14-00-01_chunk373.wav,non_speech,,,,,,,non_speech,True,,,,
stream_2025-07-05_14-00-01_chunk374.wav,non_speech,,,,,,,non_speech,True,,,,
stream_2025-07-05_14-00-01_chunk379.wav,non_speech,,,,,,,non_speech,True,,,,
stream_2025-07-05_14-00-01_chunk385.wav,non_speech,,,,,,,non_speech,True,,,,
stream_2025-07-05_14-00-01_chunk391.wav,non_speech,,,,,,,non_speech,True,,,,
stream_2025-07-05_14-00-01_chunk404.wav,non_speech,,,,,,,non_speech,True,,,,
stream_2025-07-05_14-00-01_chunk405.wav,non_speech,,,,,,,non_speech,True,,,,
stream_2025-07-05_14-00-01_chunk410.wav,non_speech,,,,,,,non_speech,True,,,,
stream_2025-07-05_14-00-01_chunk416.wav,non_speech,,,,,,,non_speech,True,,,,
stream_2025-07-05_14-00-01_chunk427.wav,speech,,,,,,,speech,True,,,,
stream_2025-07-05_14-00-01_chunk429.wav,speech,,,,,,,speech,True,,,,
stream_2025-07-05_14-00-01_chunk435.wav,speech,,,,,,,speech,True,,,,
stream_2025-07-05_14-00-01_chunk436.wav,speech,,,,,,,Flagged,False,,,,
stream_2025-07-05_14-00-01_chunk437.wav,speech,,,,,,,speech,True,,,,
stream_2025-07-05_14-00-01_chunk438.wav,speech,,,,,,,speech,True,,,,
stream_2025-07-05_14-00-01_chunk441.wav,speech,,,,,,,speech,True,,,,
stream_2025-07-05_14-00-01_chunk456.wav,speech,,,,,,,speech,True,,,,
stream_2025-07-05_14-00-01_chunk457.wav,flagged,,,,,,,flagged,True,,,,
stream_2025-07-05_14-00-01_chunk462.wav,non_speech,,,,,,,non_speech,True,,,,
stream_2025-07-05_14-00-01_chunk465.wav,non_speech,,,,,,,non_speech,True,,,,
stream_2025-07-05_14-00-01_chunk469.wav,flagged,,,,,,,flagged,True,,,,
stream_2025-07-05_14-00-01_chunk470.wav,non_speech,,,,,,,non_speech,True,,,,
stream_2025-07-05_14-00-01_chunk473.wav,non_speech,,,,,,,non_speech,True,,,,
stream_2025-07-05_14-00-01_chunk474.wav,non_speech,,,,,,,non_speech,True,,,,
stream_2025-07-05_14-00-01_chunk478.wav,flagged,,,,,,,flagged,True,,,,
stream_2025-07-05_14-00-01_chunk482.wav,non_speech,,,,,,,non_speech,True,,,,
stream_2025-07-05_14-00-01_chunk483.wav,flagged,,,,,,,flagged,True,,,,
stream_2025-07-05_14-00-01_chunk486.wav,non_speech,,,,,,,non_speech,True,,,,
stream_2025-07-05_14-00-01_chunk490.wav,flagged,,,,,,,speech,False,,,,
stream_2025-07-05_14-00-01_chunk500.wav,non_speech,,,,,,,non_speech,True,,,,
stream_2025-07-05_14-00-01_chunk507.wav,flagged,,,,,,,flagged,True,,,,
stream_2025-07-05_14-00-01_chunk509.wav,non_speech,,,,,,,non_speech,True,,,,
stream_2025-07-05_14-00-01_chunk512.wav,non_speech,,,,,,,non_speech,True,,,,
stream_2025-07-05_14-00-01_chunk526.wav,non_speech,,,,,,,non_speech,True,,,,
stream_2025-07-05_14-00-01_chunk527.wav,non_speech,,,,,,,non_speech,True,,,,
stream_2025-07-05_14-00-01_chunk528.wav,non_speech,,,,,,,non_speech,True,,,,
stream_2025-07-05_14-00-01_chunk532.wav,non_speech,,,,,,,non_speech,True,,,,
stream_2025-07-05_14-00-01_chunk535.wav,non_speech,,,,,,,non_speech,True,,,,
stream_2025-07-05_14-00-01_chunk536.wav,non_speech,,,,,,,non_speech,True,,,,
stream_2025-07-05_14-00-01_chunk542.wav,non_speech,,,,,,,non_speech,True,,,,
stream_2025-07-05_14-00-01_chunk544.wav,non_speech,,,,,,,non_speech,True,,,,
stream_2025-07-05_14-00-01_chunk548.wav,non_speech,,,,,,,non_speech,True,,,,
stream_2025-07-05_14-00-01_chunk551.wav,non_speech,,,,,,,non_speech,True,,,,
stream_2025-07-05_14-00-01_chunk561.wav,non_speech,,,,,,,non_speech,True,,,,
stream_2025-07-05_14-00-01_chunk563.wav,non_speech,,,,,,,non_speech,True,,,,
stream_2025-07-05_14-00-01_chunk567.wav,non_speech,,,,,,,non_speech,True,,,,
stream_2025-07-05_14-00-01_chunk569.wav,non_speech,,,,,,,non_speech,True,,,,
stream_2025-07-05_14-00-01_chunk572.wav,non_speech,,,,,,,non_speech,True,,,,
stream_2025-07-05_14-00-01_chunk573.wav,flagged,,,,,,,flagged,True,,,,
stream_2025-07-05_14-00-01_chunk577.wav,non_speech,,,,,,,non_speech,True,,,,
stream_2025-07-05_14-00-01_chunk579.wav,non_speech,,,,,,,non_speech,True,,,,
stream_2025-07-05_14-00-01_chunk580.wav,non_speech,,,,,,,non_speech,True,,,,
stream_2025-07-05_14-00-01_chunk591.wav,non_speech,,,,,,,non_speech,True,,,,
stream_2025-07-05_14-00-01_chunk592.wav,non_speech,,,,,,,non_speech,True,,,,
stream_2025-07-05_14-00-01_chunk597.wav,non_speech,,,,,,,non_speech,True,,,,
stream_2025-07-05_14-00-01_chunk607.wav,non_speech,,,,,,,non_speech,True,,,,
stream_2025-07-05_14-00-01_chunk610.wav,non_speech,,,,,,,non_speech,True,,,,
stream_2025-07-05_14-00-01_chunk618.wav,non_speech,,,,,,,non_speech,True,,,,
stream_2025-07-05_14-00-01_chunk621.wav,non_speech,,,,,,,non_speech,True,,,,
stream_2025-07-05_14-00-01_chunk622.wav,non_speech,,,,,,,non_speech,True,,,,
stream_2025-07-05_14-00-01_chunk644.wav,non_speech,,,,,,,non_speech,True,,,,
stream_2025-07-05_14-00-01_chunk649.wav,non_speech,,,,,,,non_speech,True,,,,
stream_2025-07-05_14-00-01_chunk651.wav,non_speech,,,,,,,non_speech,True,,,,
stream_2025-07-05_14-00-01_chunk652.wav,non_speech,,,,,,,non_speech,True,,,,
stream_2025-07-05_14-00-01_chunk654.wav,non_speech,,,,,,,non_speech,True,,,,
stream_2025-07-05_14-00-01_chunk656.wav,non_speech,,,,,,,non_speech,True,,,,
stream_2025-07-05_14-00-01_chunk657.wav,non_speech,,,,,,,non_speech,True,,,,
stream_2025-07-05_14-00-01_chunk659.wav,non_speech,,,,,,,non_speech,True,,,,
stream_2025-07-05_14-00-01_chunk661.wav,non_speech,,,,,,,non_speech,True,,,,
stream_2025-07-05_14-00-01_chunk662.wav,non_speech,,,,,,,non_speech,True,,,,
stream_2025-07-05_14-00-01_chunk663.wav,non_speech,,,,,,,non_speech,True,,,,
stream_2025-07-05_14-00-01_chunk664.wav,non_speech,,,,,,,non_speech,True,,,,
stream_2025-07-05_14-00-01_chunk670.wav,non_speech,,,,,,,non_speech,True,,,,
stream_2025-07-05_14-00-01_chunk671.wav,non_speech,,,,,,,non_speech,True,,,,
stream_2025-07-05_14-00-01_chunk673.wav,non_speech,,,,,,,non_speech,True,,,,
stream_2025-07-05_14-00-01_chunk676.wav,non_speech,,,,,,,non_speech,True,,,,
stream_2025-07-05_14-00-01_chunk679.wav,non_speech,,,,,,,non_speech,True,,,,
stream_2025-07-05_14-00-01_chunk683.wav,non_speech,,,,,,,non_speech,True,,,,
stream_2025-07-05_14-00-01_chunk688.wav,non_speech,,,,,,,non_speech,True,,,,
stream_2025-07-05_14-00-01_chunk690.wav,non_speech,,,,,,,non_speech,True,,,,
stream_2025-07-05_14-00-01_chunk696.wav,non_speech,,,,,,,non_speech,True,,,,
stream_2025-07-05_14-00-01_chunk709.wav,non_speech,,,,,,,non_speech,True,,,,
stream_2025-07-05_14-00-01_chunk711.wav,non_speech,,,,,,,non_speech,True,,,,
stream_2025-07-05_14-00-01_chunk714.wav,non_speech,,,,,,,non_speech,True,,,,
stream_2025-07-05_15-00-01_chunk3.wav,flagged,,,,,,,,,flagged,True,,
stream_2025-07-05_15-00-01_chunk4.wav,non_speech,,,,,,,,,non_speech,True,,
stream_2025-07-05_15-00-01_chunk9.wav,speech,,,,,,,,,speech,True,,
stream_2025-07-05_15-00-01_chunk13.wav,flagged,,,,,,,,,flagged,True,,
stream_2025-07-05_15-00-01_chunk14.wav,flagged,,,,,,,,,flagged,True,,
stream_2025-07-05_15-00-01_chunk16.wav,non_speech,,,,,,,,,non_speech,True,,
stream_2025-07-05_15-00-01_chunk17.wav,non_speech,,,,,,,,,non_speech,True,,
stream_2025-07-05_15-00-01_chunk18.wav,non_speech,,,,,,,,,non_speech,True,,
stream_2025-07-05_15-00-01_chunk22.wav,flagged,,,,,,,,,flagged,True,,
stream_2025-07-05_15-00-01_chunk24.wav,non_speech,,,,,,,,,non_speech,True,,
stream_2025-07-05_15-00-01_chunk26.wav,non_speech,,,,,,,,,non_speech,True,,
stream_2025-07-05_15-00-01_chunk29.wav,non_speech,,,,,,,,,non_speech,True,,
stream_2025-07-05_15-00-01_chunk33.wav,non_speech,,,,,,,,,non_speech,True,,
stream_2025-07-05_15-00-01_chunk34.wav,non_speech,,,,,,,,,non_speech,True,,
stream_2025-07-05_15-00-01_chunk43.wav,non_speech,,,,,,,,,non_speech,True,,
stream_2025-07-05_15-00-01_chunk44.wav,non_speech,,,,,,,,,non_speech,True,,
stream_2025-07-05_15-00-01_chunk58.wav,non_speech,,,,,,,,,non_speech,True,,
stream_2025-07-05_15-00-01_chunk64.wav,non_speech,,,,,,,,,non_speech,True,,
stream_2025-07-05_15-00-01_chunk67.wav,flagged,,,,,,,,,flagged,True,,
stream_2025-07-05_15-00-01_chunk70.wav,non_speech,,,,,,,,,non_speech,True,,
stream_2025-07-05_15-00-01_chunk71.wav,non_speech,,,,,,,,,non_speech,True,,
stream_2025-07-05_15-00-01_chunk74.wav,non_speech,,,,,,,,,non_speech,True,,
stream_2025-07-05_15-00-01_chunk77.wav,non_speech,,,,,,,,,non_speech,True,,
stream_2025-07-05_15-00-01_chunk83.wav,non_speech,,,,,,,,,non_speech,True,,
stream_2025-07-05_15-00-01_chunk84.wav,non_speech,,,,,,,,,non_speech,True,,
stream_2025-07-05_15-00-01_chunk85.wav,non_speech,,,,,,,,,non_speech,True,,
stream_2025-07-05_15-00-01_chunk87.wav,flagged,,,,,,,,,flagged,True,,
stream_2025-07-05_15-00-01_chunk92.wav,speech,,,,,,,,,speech,True,,
stream_2025-07-05_15-00-01_chunk94.wav,flagged,,,,,,,,,flagged,True,,
stream_2025-07-05_15-00-01_chunk98.wav,speech,,,,,,,,,speech,True,,
stream_2025-07-05_15-00-01_chunk111.wav,speech,,,,,,,,,speech,True,,
stream_2025-07-05_15-00-01_chunk121.wav,non_speech,,,,,,,,,non_speech,True,,
stream_2025-07-05_15-00-01_chunk122.wav,non_speech,,,,,,,,,non_speech,True,,
stream_2025-07-05_15-00-01_chunk123.wav,non_speech,,,,,,,,,non_speech,True,,
stream_2025-07-05_15-00-01_chunk127.wav,non_speech,,,,,,,,,non_speech,True,,
stream_2025-07-05_15-00-01_chunk132.wav,non_speech,,,,,,,,,non_speech,True,,
stream_2025-07-05_15-00-01_chunk135.wav,non_speech,,,,,,,,,non_speech,True,,
stream_2025-07-05_15-00-01_chunk137.wav,non_speech,,,,,,,,,non_speech,True,,
stream_2025-07-05_15-00-01_chunk139.wav,non_speech,,,,,,,,,non_speech,True,,
stream_2025-07-05_15-00-01_chunk141.wav,non_speech,,,,,,,,,non_speech,True,,
stream_2025-07-05_15-00-01_chunk144.wav,non_speech,,,,,,,,,non_speech,True,,
stream_2025-07-05_15-00-01_chunk164.wav,non_speech,,,,,,,,,non_speech,True,,
stream_2025-07-05_15-00-01_chunk168.wav,non_speech,,,,,,,,,non_speech,True,,
stream_2025-07-05_15-00-01_chunk169.wav,non_speech,,,,,,,,,non_speech,True,,
stream_2025-07-05_15-00-01_chunk170.wav,non_speech,,,,,,,,,non_speech,True,,
stream_2025-07-05_15-00-01_chunk175.wav,non_speech,,,,,,,,,non_speech,True,,
stream_2025-07-05_15-00-01_chunk185.wav,non_speech,,,,,,,,,non_speech,True,,
stream_2025-07-05_15-00-01_chunk186.wav,non_speech,,,,,,,,,non_speech,True,,
stream_2025-07-05_15-00-01_chunk187.wav,non_speech,,,,,,,,,non_speech,True,,
stream_2025-07-05_15-00-01_chunk189.wav,non_speech,,,,,,,,,non_speech,True,,
stream_2025-07-05_15-00-01_chunk195.wav,non_speech,,,,,,,,,non_speech,True,,
stream_2025-07-05_15-00-01_chunk199.wav,non_speech,,,,,,,,,non_speech,True,,
stream_2025-07-05_15-00-01_chunk201.wav,non_speech,,,,,,,,,non_speech,True,,
stream_2025-07-05_15-00-01_chunk206.wav,non_speech,,,,,,,,,non_speech,True,,
stream_2025-07-05_15-00-01_chunk209.wav,non_speech,,,,,,,,,non_speech,True,,
stream_2025-07-05_15-00-01_chunk210.wav,non_speech,,,,,,,,,non_speech,True,,
stream_2025-07-05_15-00-01_chunk227.wav,non_speech,,,,,,,,,non_speech,True,,
stream_2025-07-05_15-00-01_chunk228.wav,non_speech,,,,,,,,,non_speech,True,,
stream_2025-07-05_15-00-01_chunk232.wav,non_speech,,,,,,,,,non_speech,True,,
stream_2025-07-05_15-00-01_chunk236.wav,speech,,,,,,,,,speech,True,,
stream_2025-07-05_15-00-01_chunk239.wav,non_speech,,,,,,,,,non_speech,True,,
stream_2025-07-05_15-00-01_chunk249.wav,flagged,,,,,,,,,speech,False,,
stream_2025-07-05_15-00-01_chunk250.wav,flagged,,,,,,,,,flagged,True,,
stream_2025-07-05_15-00-01_chunk257.wav,non_speech,,,,,,,,,non_speech,True,,
stream_2025-07-05_15-00-01_chunk263.wav,non_speech,,,,,,,,,non_speech,True,,
stream_2025-07-05_15-00-01_chunk271.wav,non_speech,,,,,,,,,non_speech,True,,
stream_2025-07-05_15-00-01_chunk272.wav,non_speech,,,,,,,,,non_speech,True,,
stream_2025-07-05_15-00-01_chunk273.wav,non_speech,,,,,,,,,non_speech,True,,
stream_2025-07-05_15-00-01_chunk275.wav,non_speech,,,,,,,,,non_speech,True,,
stream_2025-07-05_15-00-01_chunk277.wav,non_speech,,,,,,,,,non_speech,True,,
stream_2025-07-05_15-00-01_chunk279.wav,non_speech,,,,,,,,,non_speech,True,,
stream_2025-07-05_15-00-01_chunk283.wav,non_speech,,,,,,,,,non_speech,True,,
stream_2025-07-05_15-00-01_chunk284.wav,non_speech,,,,,,,,,non_speech,True,,
stream_2025-07-05_15-00-01_chunk291.wav,non_speech,,,,,,,,,non_speech,True,,
stream_2025-07-05_15-00-01_chunk292.wav,non_speech,,,,,,,,,non_speech,True,,
stream_2025-07-05_15-00-01_chunk293.wav,non_speech,,,,,,,,,non_speech,True,,
stream_2025-07-05_15-00-01_chunk295.wav,non_speech,,,,,,,,,non_speech,True,,
stream_2025-07-05_15-00-01_chunk297.wav,non_speech,,,,,,,,,non_speech,True,,
stream_2025-07-05_15-00-01_chunk298.wav,non_speech,,,,,,,,,non_speech,True,,
stream_2025-07-05_15-00-01_chunk300.wav,non_speech,,,,,,,,,non_speech,True,,
stream_2025-07-05_15-00-01_chunk301.wav,non_speech,,,,,,,,,non_speech,True,,
stream_2025-07-05_15-00-01_chunk303.wav,non_speech,,,,,,,,,non_speech,True,,
stream_2025-07-05_15-00-01_chunk308.wav,non_speech,,,,,,,,,non_speech,True,,
stream_2025-07-05_15-00-01_chunk309.wav,non_speech,,,,,,,,,non_speech,True,,
stream_2025-07-05_15-00-01_chunk311.wav,non_speech,,,,,,,,,non_speech,True,,
stream_2025-07-05_15-00-01_chunk313.wav,non_speech,,,,,,,,,non_speech,True,,
stream_2025-07-05_15-00-01_chunk314.wav,non_speech,,,,,,,,,non_speech,True,,
stream_2025-07-05_15-00-01_chunk316.wav,non_speech,,,,,,,,,non_speech,True,,
stream_2025-07-05_15-00-01_chunk324.wav,non_speech,,,,,,,,,non_speech,True,,
stream_2025-07-05_15-00-01_chunk328.wav,non_speech,,,,,,,,,non_speech,True,,
stream_2025-07-05_15-00-01_chunk341.wav,non_speech,,,,,,,,,non_speech,True,,
stream_2025-07-05_15-00-01_chunk345.wav,non_speech,,,,,,,,,non_speech,True,,
stream_2025-07-05_15-00-01_chunk347.wav,non_speech,,,,,,,,,non_speech,True,,
stream_2025-07-05_15-00-01_chunk359.wav,non_speech,,,,,,,,,non_speech,True,,
stream_2025-07-05_15-00-01_chunk363.wav,non_speech,,,,,,,,,non_speech,True,,
stream_2025-07-05_15-00-01_chunk366.wav,non_speech,,,,,,,,,non_speech,True,,
stream_2025-07-05_15-00-01_chunk369.wav,non_speech,,,,,,,,,non_speech,True,,
stream_2025-07-05_15-00-01_chunk373.wav,non_speech,,,,,,,,,non_speech,True,,
stream_2025-07-05_15-00-01_chunk375.wav,non_speech,,,,,,,,,non_speech,True,,
stream_2025-07-05_15-00-01_chunk376.wav,non_speech,,,,,,,,,non_speech,True,,
stream_2025-07-05_15-00-01_chunk382.wav,non_speech,,,,,,,,,non_speech,True,,
stream_2025-07-05_15-00-01_chunk384.wav,non_speech,,,,,,,,,non_speech,True,,
stream_2025-07-05_15-00-01_chunk389.wav,non_speech,,,,,,,,,non_speech,True,,
stream_2025-07-05_15-00-01_chunk393.wav,non_speech,,,,,,,,,non_speech,True,,
stream_2025-07-05_15-00-01_chunk395.wav,non_speech,,,,,,,,,non_speech,True,,
stream_2025-07-05_15-00-01_chunk396.wav,non_speech,,,,,,,,,non_speech,True,,
stream_2025-07-05_15-00-01_chunk398.wav,non_speech,,,,,,,,,non_speech,True,,
stream_2025-07-05_15-00-01_chunk406.wav,non_speech,,,,,,,,,non_speech,True,,
stream_2025-07-05_15-00-01_chunk407.wav,non_speech,,,,,,,,,non_speech,True,,
stream_2025-07-05_15-00-01_chunk409.wav,non_speech,,,,,,,,,non_speech,True,,
stream_2025-07-05_15-00-01_chunk411.wav,non_speech,,,,,,,,,non_speech,True,,
stream_2025-07-05_15-00-01_chunk418.wav,non_speech,,,,,,,,,non_speech,True,,
stream_2025-07-05_15-00-01_chunk422.wav,non_speech,,,,,,,,,non_speech,True,,
stream_2025-07-05_15-00-01_chunk424.wav,non_speech,,,,,,,,,non_speech,True,,
stream_2025-07-05_15-00-01_chunk432.wav,non_speech,,,,,,,,,non_speech,True,,
stream_2025-07-05_15-00-01_chunk437.wav,non_speech,,,,,,,,,non_speech,True,,
stream_2025-07-05_15-00-01_chunk440.wav,non_speech,,,,,,,,,non_speech,True,,
stream_2025-07-05_15-00-01_chunk441.wav,non_speech,,,,,,,,,non_speech,True,,
stream_2025-07-05_15-00-01_chunk445.wav,non_speech,,,,,,,,,non_speech,True,,
stream_2025-07-05_15-00-01_chunk448.wav,non_speech,,,,,,,,,non_speech,True,,
stream_2025-07-05_15-00-01_chunk457.wav,non_speech,,,,,,,,,non_speech,True,,
stream_2025-07-05_15-00-01_chunk461.wav,non_speech,,,,,,,,,non_speech,True,,
stream_2025-07-05_15-00-01_chunk464.wav,non_speech,,,,,,,,,non_speech,True,,
stream_2025-07-05_15-00-01_chunk471.wav,non_speech,,,,,,,,,non_speech,True,,
stream_2025-07-05_15-00-01_chunk476.wav,non_speech,,,,,,,,,non_speech,True,,
stream_2025-07-05_15-00-01_chunk478.wav,non_speech,,,,,,,,,non_speech,True,,
stream_2025-07-05_15-00-01_chunk482.wav,non_speech,,,,,,,,,non_speech,True,,
stream_2025-07-05_15-00-01_chunk487.wav,non_speech,,,,,,,,,non_speech,True,,
stream_2025-07-05_15-00-01_chunk501.wav,non_speech,,,,,,,,,non_speech,True,,
stream_2025-07-05_15-00-01_chunk503.wav,non_speech,,,,,,,,,non_speech,True,,
stream_2025-07-05_15-00-01_chunk506.wav,non_speech,,,,,,,,,non_speech,True,,
stream_2025-07-05_15-00-01_chunk513.wav,non_speech,,,,,,,,,non_speech,True,,
stream_2025-07-05_15-00-01_chunk514.wav,non_speech,,,,,,,,,non_speech,True,,
stream_2025-07-05_15-00-01_chunk515.wav,non_speech,,,,,,,,,non_speech,True,,
stream_2025-07-05_15-00-01_chunk524.wav,non_speech,,,,,,,,,non_speech,True,,
stream_2025-07-05_15-00-01_chunk530.wav,non_speech,,,,,,,,,non_speech,True,,
stream_2025-07-05_15-00-01_chunk531.wav,flagged,,,,,,,,,flagged,True,,
stream_2025-07-05_15-00-01_chunk542.wav,non_speech,,,,,,,,,non_speech,True,,
stream_2025-07-05_15-00-01_chunk547.wav,non_speech,,,,,,,,,non_speech,True,,
stream_2025-07-05_15-00-01_chunk558.wav,non_speech,,,,,,,,,non_speech,True,,
stream_2025-07-05_15-00-01_chunk559.wav,non_speech,,,,,,,,,non_speech,True,,
stream_2025-07-05_15-00-01_chunk562.wav,non_speech,,,,,,,,,non_speech,True,,
stream_2025-07-05_15-00-01_chunk563.wav,non_speech,,,,,,,,,non_speech,True,,
stream_2025-07-05_15-00-01_chunk565.wav,non_speech,,,,,,,,,non_speech,True,,
stream_2025-07-05_15-00-01_chunk568.wav,non_speech,,,,,,,,,non_speech,True,,
stream_2025-07-05_15-00-01_chunk570.wav,non_speech,,,,,,,,,non_speech,True,,
stream_2025-07-05_15-00-01_chunk575.wav,non_speech,,,,,,,,,non_speech,True,,
stream_2025-07-05_15-00-01_chunk577.wav,non_speech,,,,,,,,,non_speech,True,,
stream_2025-07-05_15-00-01_chunk578.wav,non_speech,,,,,,,,,non_speech,True,,
stream_2025-07-05_15-00-01_chunk582.wav,non_speech,,,,,,,,,non_speech,True,,
stream_2025-07-05_15-00-01_chunk587.wav,non_speech,,,,,,,,,non_speech,True,,
stream_2025-07-05_15-00-01_chunk589.wav,non_speech,,,,,,,,,non_speech,True,,
stream_2025-07-05_15-00-01_chunk593.wav,non_speech,,,,,,,,,non_speech,True,,
stream_2025-07-05_15-00-01_chunk596.wav,non_speech,,,,,,,,,non_speech,True,,
stream_2025-07-05_15-00-01_chunk597.wav,non_speech,,,,,,,,,non_speech,True,,
stream_2025-07-05_15-00-01_chunk601.wav,non_speech,,,,,,,,,non_speech,True,,
stream_2025-07-05_15-00-01_chunk602.wav,non_speech,,,,,,,,,non_speech,True,,
stream_2025-07-05_15-00-01_chunk608.wav,non_speech,,,,,,,,,non_speech,True,,
stream_2025-07-05_15-00-01_chunk614.wav,non_speech,,,,,,,,,non_speech,True,,
stream_2025-07-05_15-00-01_chunk620.wav,non_speech,,,,,,,,,non_speech,True,,
stream_2025-07-05_15-00-01_chunk623.wav,non_speech,,,,,,,,,non_speech,True,,
stream_2025-07-05_15-00-01_chunk634.wav,non_speech,,,,,,,,,non_speech,True,,
stream_2025-07-05_15-00-01_chunk640.wav,non_speech,,,,,,,,,non_speech,True,,
stream_2025-07-05_15-00-01_chunk645.wav,non_speech,,,,,,,,,non_speech,True,,
stream_2025-07-05_15-00-01_chunk649.wav,non_speech,,,,,,,,,non_speech,True,,
stream_2025-07-05_15-00-01_chunk651.wav,non_speech,,,,,,,,,non_speech,True,,
stream_2025-07-05_15-00-01_chunk654.wav,non_speech,,,,,,,,,non_speech,True,,
stream_2025-07-05_15-00-01_chunk662.wav,non_speech,,,,,,,,,non_speech,True,,
stream_2025-07-05_15-00-01_chunk665.wav,non_speech,,,,,,,,,non_speech,True,,
stream_2025-07-05_15-00-01_chunk673.wav,non_speech,,,,,,,,,non_speech,True,,
stream_2025-07-05_15-00-01_chunk677.wav,non_speech,,,,,,,,,non_speech,True,,
stream_2025-07-05_15-00-01_chunk683.wav,non_speech,,,,,,,,,non_speech,True,,
stream_2025-07-05_15-00-01_chunk698.wav,non_speech,,,,,,,,,non_speech,True,,
stream_2025-07-05_15-00-01_chunk700.wav,non_speech,,,,,,,,,non_speech,True,,
stream_2025-07-05_15-00-01_chunk703.wav,non_speech,,,,,,,,,non_speech,True,,
stream_2025-07-05_15-00-01_chunk706.wav,non_speech,,,,,,,,,non_speech,True,,
stream_2025-07-05_15-00-01_chunk709.wav,non_speech,,,,,,,,,non_speech,True,,
stream_2025-07-05_15-00-01_chunk711.wav,non_speech,,,,,,,,,non_speech,True,,
stream_2025-07-05_15-00-01_chunk712.wav,non_speech,,,,,,,,,non_speech,True,,
stream_2025-07-05_15-00-01_chunk715.wav,non_speech,,,,,,,,,non_speech,True,,
stream_2025-07-05_16-00-01_chunk2.wav,non_speech,,,,,,,,,,,non_speech,True
stream_2025-07-05_16-00-01_chunk5.wav,non_speech,,,,,,,,,,,non_speech,True
stream_2025-07-05_16-00-01_chunk7.wav,non_speech,,,,,,,,,,,non_speech,True
stream_2025-07-05_16-00-01_chunk10.wav,non_speech,,,,,,,,,,,non_speech,True
stream_2025-07-05_16-00-01_chunk14.wav,non_speech,,,,,,,,,,,non_speech,True
stream_2025-07-05_16-00-01_chunk16.wav,non_speech,,,,,,,,,,,non_speech,True
stream_2025-07-05_16-00-01_chunk22.wav,non_speech,,,,,,,,,,,non_speech,True
stream_2025-07-05_16-00-01_chunk24.wav,non_speech,,,,,,,,,,,non_speech,True
stream_2025-07-05_16-00-01_chunk26.wav,non_speech,,,,,,,,,,,non_speech,True
stream_2025-07-05_16-00-01_chunk29.wav,non_speech,,,,,,,,,,,non_speech,True
stream_2025-07-05_16-00-01_chunk33.wav,non_speech,,,,,,,,,,,non_speech,True
stream_2025-07-05_16-00-01_chunk36.wav,non_speech,,,,,,,,,,,non_speech,True
stream_2025-07-05_16-00-01_chunk39.wav,non_speech,,,,,,,,,,,non_speech,True
stream_2025-07-05_16-00-01_chunk40.wav,non_speech,,,,,,,,,,,non_speech,True
stream_2025-07-05_16-00-01_chunk41.wav,non_speech,,,,,,,,,,,non_speech,True
stream_2025-07-05_16-00-01_chunk46.wav,non_speech,,,,,,,,,,,non_speech,True
stream_2025-07-05_16-00-01_chunk48.wav,non_speech,,,,,,,,,,,non_speech,True
stream_2025-07-05_16-00-01_chunk52.wav,non_speech,,,,,,,,,,,non_speech,True
stream_2025-07-05_16-00-01_chunk55.wav,non_speech,,,,,,,,,,,non_speech,True
stream_2025-07-05_16-00-01_chunk60.wav,non_speech,,,,,,,,,,,non_speech,True
stream_2025-07-05_16-00-01_chunk61.wav,non_speech,,,,,,,,,,,non_speech,True
stream_2025-07-05_16-00-01_chunk62.wav,non_speech,,,,,,,,,,,non_speech,True
stream_2025-07-05_16-00-01_chunk64.wav,non_speech,,,,,,,,,,,non_speech,True
stream_2025-07-05_16-00-01_chunk68.wav,non_speech,,,,,,,,,,,non_speech,True
stream_2025-07-05_16-00-01_chunk69.wav,non_speech,,,,,,,,,,,non_speech,True
stream_2025-07-05_16-00-01_chunk71.wav,non_speech,,,,,,,,,,,non_speech,True
stream_2025-07-05_16-00-01_chunk73.wav,non_speech,,,,,,,,,,,non_speech,True
stream_2025-07-05_16-00-01_chunk74.wav,non_speech,,,,,,,,,,,non_speech,True
stream_2025-07-05_16-00-01_chunk77.wav,non_speech,,,,,,,,,,,non_speech,True
stream_2025-07-05_16-00-01_chunk81.wav,non_speech,,,,,,,,,,,non_speech,True
stream_2025-07-05_16-00-01_chunk84.wav,non_speech,,,,,,,,,,,non_speech,True
stream_2025-07-05_16-00-01_chunk85.wav,non_speech,,,,,,,,,,,non_speech,True
stream_2025-07-05_16-00-01_chunk89.wav,non_speech,,,,,,,,,,,non_speech,True
stream_2025-07-05_16-00-01_chunk95.wav,non_speech,,,,,,,,,,,non_speech,True
stream_2025-07-05_16-00-01_chunk99.wav,non_speech,,,,,,,,,,,non_speech,True
stream_2025-07-05_16-00-01_chunk111.wav,non_speech,,,,,,,,,,,non_speech,True
stream_2025-07-05_16-00-01_chunk115.wav,non_speech,,,,,,,,,,,non_speech,True
stream_2025-07-05_16-00-01_chunk126.wav,non_speech,,,,,,,,,,,non_speech,True
stream_2025-07-05_16-00-01_chunk130.wav,non_speech,,,,,,,,,,,non_speech,True
stream_2025-07-05_16-00-01_chunk135.wav,non_speech,,,,,,,,,,,non_speech,True
stream_2025-07-05_16-00-01_chunk140.wav,non_speech,,,,,,,,,,,non_speech,True
stream_2025-07-05_16-00-01_chunk141.wav,non_speech,,,,,,,,,,,non_speech,True
stream_2025-07-05_16-00-01_chunk146.wav,non_speech,,,,,,,,,,,non_speech,True
stream_2025-07-05_16-00-01_chunk147.wav,non_speech,,,,,,,,,,,non_speech,True
stream_2025-07-05_16-00-01_chunk151.wav,non_speech,,,,,,,,,,,non_speech,True
stream_2025-07-05_16-00-01_chunk154.wav,non_speech,,,,,,,,,,,non_speech,True
stream_2025-07-05_16-00-01_chunk156.wav,non_speech,,,,,,,,,,,non_speech,True
stream_2025-07-05_16-00-01_chunk157.wav,non_speech,,,,,,,,,,,non_speech,True
stream_2025-07-05_16-00-01_chunk166.wav,non_speech,,,,,,,,,,,non_speech,True
stream_2025-07-05_16-00-01_chunk167.wav,non_speech,,,,,,,,,,,non_speech,True
stream_2025-07-05_16-00-01_chunk168.wav,non_speech,,,,,,,,,,,non_speech,True
stream_2025-07-05_16-00-01_chunk170.wav,non_speech,,,,,,,,,,,non_speech,True
stream_2025-07-05_16-00-01_chunk178.wav,non_speech,,,,,,,,,,,non_speech,True
stream_2025-07-05_16-00-01_chunk185.wav,non_speech,,,,,,,,,,,non_speech,True
stream_2025-07-05_16-00-01_chunk189.wav,non_speech,,,,,,,,,,,non_speech,True
stream_2025-07-05_16-00-01_chunk198.wav,non_speech,,,,,,,,,,,non_speech,True
stream_2025-07-05_16-00-01_chunk200.wav,non_speech,,,,,,,,,,,non_speech,True
stream_2025-07-05_16-00-01_chunk201.wav,non_speech,,,,,,,,,,,non_speech,True
stream_2025-07-05_16-00-01_chunk203.wav,non_speech,,,,,,,,,,,non_speech,True
stream_2025-07-05_16-00-01_chunk211.wav,non_speech,,,,,,,,,,,non_speech,True
stream_2025-07-05_16-00-01_chunk214.wav,non_speech,,,,,,,,,,,non_speech,True
stream_2025-07-05_16-00-01_chunk219.wav,non_speech,,,,,,,,,,,non_speech,True
stream_2025-07-05_16-00-01_chunk220.wav,non_speech,,,,,,,,,,,non_speech,True
stream_2025-07-05_16-00-01_chunk224.wav,non_speech,,,,,,,,,,,non_speech,True
stream_2025-07-05_16-00-01_chunk227.wav,non_speech,,,,,,,,,,,non_speech,True
stream_2025-07-05_16-00-01_chunk229.wav,non_speech,,,,,,,,,,,non_speech,True
stream_2025-07-05_16-00-01_chunk231.wav,non_speech,,,,,,,,,,,non_speech,True
stream_2025-07-05_16-00-01_chunk235.wav,non_speech,,,,,,,,,,,non_speech,True
stream_2025-07-05_16-00-01_chunk239.wav,non_speech,,,,,,,,,,,non_speech,True
stream_2025-07-05_16-00-01_chunk245.wav,non_speech,,,,,,,,,,,non_speech,True
stream_2025-07-05_16-00-01_chunk246.wav,non_speech,,,,,,,,,,,non_speech,True
stream_2025-07-05_16-00-01_chunk247.wav,non_speech,,,,,,,,,,,non_speech,True
stream_2025-07-05_16-00-01_chunk255.wav,non_speech,,,,,,,,,,,non_speech,True
stream_2025-07-05_16-00-01_chunk261.wav,non_speech,,,,,,,,,,,non_speech,True
stream_2025-07-05_16-00-01_chunk267.wav,non_speech,,,,,,,,,,,non_speech,True
stream_2025-07-05_16-00-01_chunk269.wav,non_speech,,,,,,,,,,,non_speech,True
stream_2025-07-05_16-00-01_chunk272.wav,non_speech,,,,,,,,,,,non_speech,True
stream_2025-07-05_16-00-01_chunk276.wav,non_speech,,,,,,,,,,,non_speech,True
stream_2025-07-05_16-00-01_chunk285.wav,flagged,,,,,,,,,,,flagged,True
stream_2025-07-05_16-00-01_chunk287.wav,flagged,,,,,,,,,,,flagged,True
stream_2025-07-05_16-00-01_chunk295.wav,flagged,,,,,,,,,,,flagged,True
stream_2025-07-05_16-00-01_chunk302.wav,speech,,,,,,,,,,,speech,True
stream_2025-07-05_16-00-01_chunk304.wav,speech,,,,,,,,,,,speech,True
stream_2025-07-05_16-00-01_chunk311.wav,flagged,,,,,,,,,,,non_speech,False
stream_2025-07-05_16-00-01_chunk315.wav,non_speech,,,,,,,,,,,non_speech,True
stream_2025-07-05_16-00-01_chunk320.wav,non_speech,,,,,,,,,,,non_speech,True
stream_2025-07-05_16-00-01_chunk322.wav,non_speech,,,,,,,,,,,non_speech,True
stream_2025-07-05_16-00-01_chunk324.wav,non_speech,,,,,,,,,,,non_speech,True
stream_2025-07-05_16-00-01_chunk325.wav,non_speech,,,,,,,,,,,non_speech,True
stream_2025-07-05_16-00-01_chunk329.wav,non_speech,,,,,,,,,,,non_speech,True
stream_2025-07-05_16-00-01_chunk333.wav,non_speech,,,,,,,,,,,non_speech,True
stream_2025-07-05_16-00-01_chunk337.wav,non_speech,,,,,,,,,,,non_speech,True
stream_2025-07-05_16-00-01_chunk344.wav,non_speech,,,,,,,,,,,non_speech,True
stream_2025-07-05_16-00-01_chunk345.wav,non_speech,,,,,,,,,,,non_speech,True
stream_2025-07-05_16-00-01_chunk354.wav,non_speech,,,,,,,,,,,non_speech,True
stream_2025-07-05_16-00-01_chunk365.wav,non_speech,,,,,,,,,,,non_speech,True
stream_2025-07-05_16-00-01_chunk373.wav,non_speech,,,,,,,,,,,non_speech,True
stream_2025-07-05_16-00-01_chunk374.wav,flagged,,,,,,,,,,,non_speech,False
stream_2025-07-05_16-00-01_chunk379.wav,non_speech,,,,,,,,,,,non_speech,True
stream_2025-07-05_16-00-01_chunk383.wav,non_speech,,,,,,,,,,,non_speech,True
stream_2025-07-05_16-00-01_chunk392.wav,non_speech,,,,,,,,,,,non_speech,True
stream_2025-07-05_16-00-01_chunk394.wav,non_speech,,,,,,,,,,,non_speech,True
stream_2025-07-05_16-00-01_chunk395.wav,non_speech,,,,,,,,,,,non_speech,True
stream_2025-07-05_16-00-01_chunk411.wav,non_speech,,,,,,,,,,,non_speech,True
stream_2025-07-05_16-00-01_chunk413.wav,non_speech,,,,,,,,,,,non_speech,True
stream_2025-07-05_16-00-01_chunk415.wav,non_speech,,,,,,,,,,,non_speech,True
stream_2025-07-05_16-00-01_chunk417.wav,non_speech,,,,,,,,,,,non_speech,True
stream_2025-07-05_16-00-01_chunk424.wav,non_speech,,,,,,,,,,,non_speech,True
stream_2025-07-05_16-00-01_chunk425.wav,non_speech,,,,,,,,,,,non_speech,True
stream_2025-07-05_16-00-01_chunk430.wav,non_speech,,,,,,,,,,,non_speech,True
stream_2025-07-05_16-00-01_chunk432.wav,non_speech,,,,,,,,,,,non_speech,True
stream_2025-07-05_16-00-01_chunk434.wav,non_speech,,,,,,,,,,,non_speech,True
stream_2025-07-05_16-00-01_chunk439.wav,non_speech,,,,,,,,,,,non_speech,True
stream_2025-07-05_16-00-01_chunk449.wav,non_speech,,,,,,,,,,,non_speech,True
stream_2025-07-05_16-00-01_chunk454.wav,non_speech,,,,,,,,,,,non_speech,True
stream_2025-07-05_16-00-01_chunk455.wav,non_speech,,,,,,,,,,,non_speech,True
stream_2025-07-05_16-00-01_chunk458.wav,non_speech,,,,,,,,,,,non_speech,True
stream_2025-07-05_16-00-01_chunk462.wav,non_speech,,,,,,,,,,,non_speech,True
stream_2025-07-05_16-00-01_chunk468.wav,non_speech,,,,,,,,,,,non_speech,True
stream_2025-07-05_16-00-01_chunk473.wav,non_speech,,,,,,,,,,,non_speech,True
stream_2025-07-05_16-00-01_chunk475.wav,non_speech,,,,,,,,,,,non_speech,True
stream_2025-07-05_16-00-01_chunk489.wav,non_speech,,,,,,,,,,,non_speech,True
stream_2025-07-05_16-00-01_chunk491.wav,non_speech,,,,,,,,,,,non_speech,True
stream_2025-07-05_16-00-01_chunk494.wav,non_speech,,,,,,,,,,,non_speech,True
stream_2025-07-05_16-00-01_chunk502.wav,non_speech,,,,,,,,,,,non_speech,True
stream_2025-07-05_16-00-01_chunk505.wav,non_speech,,,,,,,,,,,non_speech,True
stream_2025-07-05_16-00-01_chunk506.wav,non_speech,,,,,,,,,,,non_speech,True
stream_2025-07-05_16-00-01_chunk507.wav,non_speech,,,,,,,,,,,non_speech,True
stream_2025-07-05_16-00-01_chunk509.wav,non_speech,,,,,,,,,,,non_speech,True
stream_2025-07-05_16-00-01_chunk517.wav,non_speech,,,,,,,,,,,non_speech,True
stream_2025-07-05_16-00-01_chunk518.wav,non_speech,,,,,,,,,,,non_speech,True
stream_2025-07-05_16-00-01_chunk519.wav,non_speech,,,,,,,,,,,non_speech,True
stream_2025-07-05_16-00-01_chunk521.wav,non_speech,,,,,,,,,,,non_speech,True
stream_2025-07-05_16-00-01_chunk529.wav,non_speech,,,,,,,,,,,non_speech,True
stream_2025-07-05_16-00-01_chunk531.wav,non_speech,,,,,,,,,,,non_speech,True
stream_2025-07-05_16-00-01_chunk534.wav,non_speech,,,,,,,,,,,non_speech,True
stream_2025-07-05_16-00-01_chunk543.wav,non_speech,,,,,,,,,,,non_speech,True
stream_2025-07-05_16-00-01_chunk545.wav,non_speech,,,,,,,,,,,non_speech,True
stream_2025-07-05_16-00-01_chunk547.wav,non_speech,,,,,,,,,,,non_speech,True
stream_2025-07-05_16-00-01_chunk548.wav,non_speech,,,,,,,,,,,non_speech,True
stream_2025-07-05_16-00-01_chunk550.wav,non_speech,,,,,,,,,,,non_speech,True
stream_2025-07-05_16-00-01_chunk551.wav,non_speech,,,,,,,,,,,non_speech,True
stream_2025-07-05_16-00-01_chunk552.wav,non_speech,,,,,,,,,,,non_speech,True
stream_2025-07-05_16-00-01_chunk556.wav,non_speech,,,,,,,,,,,non_speech,True
stream_2025-07-05_16-00-01_chunk567.wav,non_speech,,,,,,,,,,,non_speech,True
stream_2025-07-05_16-00-01_chunk569.wav,non_speech,,,,,,,,,,,non_speech,True
stream_2025-07-05_16-00-01_chunk571.wav,non_speech,,,,,,,,,,,non_speech,True
stream_2025-07-05_16-00-01_chunk575.wav,non_speech,,,,,,,,,,,non_speech,True
stream_2025-07-05_16-00-01_chunk580.wav,non_speech,,,,,,,,,,,non_speech,True
stream_2025-07-05_16-00-01_chunk587.wav,non_speech,,,,,,,,,,,non_speech,True
stream_2025-07-05_16-00-01_chunk588.wav,non_speech,,,,,,,,,,,non_speech,True
stream_2025-07-05_16-00-01_chunk590.wav,non_speech,,,,,,,,,,,non_speech,True
stream_2025-07-05_16-00-01_chunk609.wav,non_speech,,,,,,,,,,,non_speech,True
stream_2025-07-05_16-00-01_chunk610.wav,non_speech,,,,,,,,,,,non_speech,True
stream_2025-07-05_16-00-01_chunk615.wav,non_speech,,,,,,,,,,,non_speech,True
stream_2025-07-05_16-00-01_chunk617.wav,non_speech,,,,,,,,,,,non_speech,True
stream_2025-07-05_16-00-01_chunk619.wav,non_speech,,,,,,,,,,,non_speech,True
stream_2025-07-05_16-00-01_chunk621.wav,non_speech,,,,,,,,,,,non_speech,True
stream_2025-07-05_16-00-01_chunk626.wav,non_speech,,,,,,,,,,,non_speech,True
stream_2025-07-05_16-00-01_chunk634.wav,non_speech,,,,,,,,,,,non_speech,True
stream_2025-07-05_16-00-01_chunk637.wav,non_speech,,,,,,,,,,,non_speech,True
stream_2025-07-05_16-00-01_chunk640.wav,non_speech,,,,,,,,,,,non_speech,True
stream_2025-07-05_16-00-01_chunk643.wav,non_speech,,,,,,,,,,,non_speech,True
stream_2025-07-05_16-00-01_chunk648.wav,non_speech,,,,,,,,,,,non_speech,True
stream_2025-07-05_16-00-01_chunk652.wav,non_speech,,,,,,,,,,,non_speech,True
stream_2025-07-05_16-00-01_chunk653.wav,non_speech,,,,,,,,,,,non_speech,True
stream_2025-07-05_16-00-01_chunk654.wav,non_speech,,,,,,,,,,,non_speech,True
stream_2025-07-05_16-00-01_chunk660.wav,non_speech,,,,,,,,,,,non_speech,True
stream_2025-07-05_16-00-01_chunk667.wav,non_speech,,,,,,,,,,,non_speech,True
stream_2025-07-05_16-00-01_chunk668.wav,non_speech,,,,,,,,,,,non_speech,True
stream_2025-07-05_16-00-01_chunk674.wav,non_speech,,,,,,,,,,,non_speech,True
stream_2025-07-05_16-00-01_chunk676.wav,non_speech,,,,,,,,,,,non_speech,True
stream_2025-07-05_16-00-01_chunk679.wav,non_speech,,,,,,,,,,,non_speech,True
stream_2025-07-05_16-00-01_chunk694.wav,non_speech,,,,,,,,,,,non_speech,True
stream_2025-07-05_16-00-01_chunk695.wav,non_speech,,,,,,,,,,,non_speech,True
stream_2025-07-05_16-00-01_chunk696.wav,non_speech,,,,,,,,,,,non_speech,True
stream_2025-07-05_16-00-01_chunk701.wav,non_speech,,,,,,,,,,,non_speech,True
stream_2025-07-05_16-00-01_chunk702.wav,non_speech,,,,,,,,,,,non_speech,True
stream_2025-07-05_16-00-01_chunk703.wav,non_speech,,,,,,,,,,,non_speech,True
stream_2025-07-05_16-00-01_chunk720.wav,non_speech,,,,,,,,,,,non_speech,True
